CASE_ID,ACCIDENT_YEAR,PROC_DATE,JURIS,COLLISION_DATE,COLLISION_TIME,OFFICER_ID,REPORTING_DISTRICT,DAY_OF_WEEK,CHP_SHIFT,POPULATION,CNTY_CITY_LOC,SPECIAL_COND,BEAT_TYPE,CHP_BEAT_TYPE,CITY_DIVISION_LAPD,CHP_BEAT_CLASS,BEAT_NUMBER,PRIMARY_RD,SECONDARY_RD,DISTANCE,DIRECTION,INTERSECTION,WEATHER_1,WEATHER_2,STATE_HWY_IND,CALTRANS_COUNTY,CALTRANS_DISTRICT,STATE_ROUTE,ROUTE_SUFFIX,POSTMILE_PREFIX,POSTMILE,LOCATION_TYPE,RAMP_INTERSECTION,SIDE_OF_HWY,TOW_AWAY,COLLISION_SEVERITY,NUMBER_KILLED,NUMBER_INJURED,PARTY_COUNT,PRIMARY_COLL_FACTOR,PCF_CODE_OF_VIOL,PCF_VIOL_CATEGORY,PCF_VIOLATION,PCF_VIOL_SUBSECTION,HIT_AND_RUN,TYPE_OF_COLLISION,MVIW,PED_ACTION,ROAD_SURFACE,ROAD_COND_1,ROAD_COND_2,LIGHTING,CONTROL_DEVICE,CHP_ROAD_TYPE,PEDESTRIAN_ACCIDENT,BICYCLE_ACCIDENT,MOTORCYCLE_ACCIDENT,TRUCK_ACCIDENT,NOT_PRIVATE_PROPERTY,ALCOHOL_INVOLVED,STWD_VEHTYPE_AT_FAULT,CHP_VEHTYPE_AT_FAULT,COUNT_SEVERE_INJ,COUNT_VISIBLE_INJ,COUNT_COMPLAINT_PAIN,COUNT_PED_KILLED,COUNT_PED_INJURED,COUNT_BICYCLIST_KILLED,COUNT_BICYCLIST_INJURED,COUNT_MC_KILLED,COUNT_MC_INJURED,PRIMARY_RAMP,SECONDARY_RAMP,LATITUDE,LONGITUDE,COUNTY,CITY,POINT_X,POINT_Y
92282578,2023,2024-01-09,9370,2023-12-29,2100,023598,,5,2,6,0103,0,1,1,,2,081,"I-80 W/B","GILMAN ST",257.00,E,N,C,-,Y,ALA,,80," ",R,6.943,H,,L,Y,3,0,1,2,A,-,03,22350,,N,A,C,A,B,H,-,D,D,0,,,,,Y,,A,01,0,1,0,0,0,0,0,0,0,"- ","- ",37.882339477539062,-122.30829620361328,ALAMEDA,BERKELEY,-122.30841064453125,37.88232421875
92282999,2023,2024-01-09,9370,2023-12-15,2345,023344,,5,3,6,0103,0,1,1,,2,081,"INTERSTATE 80","UNIVERSITY AVE",200.00,W,N,A,-,Y,,,,,,,,,,Y,3,0,1,1,A,-,01,23152,A,N,F,I,A,A,H,-,C,D,0,,,,,Y,Y,A,01,0,1,0,0,0,0,0,0,0,"- ","- ",37.866371154785156,-122.30323791503906,ALAMEDA,BERKELEY,-122.30356597900391,37.866268157958984
92283236,2023,2024-01-09,9370,2023-12-28,1805,022487,,4,2,6,0103,0,1,1,,2,081,"I-80 W/B","UNIVERSITY AVE",1550.00,E,N,A,-,Y,ALA,,80," "," ",6.135,H,,L,N,4,0,2,3,A,-,03,22350,,N,C,C,A,A,H,-,C,D,0,,,,,Y,,A,01,0,0,2,0,0,0,0,0,0,"- ","- ",37.8709716796875,-122.30516815185547,ALAMEDA,BERKELEY,-122.30522155761719,37.870960235595703
9467811,2023,2024-03-01,0103,2023-11-24,1111,12,,5,5,6,0103,0,0,0,,0,011,"SAN PABLO","ADDISON ST",0.00,,Y,A,-,Y,ALA,4,123,-,-,3.090,H,-,S,N,3,0,1,3,A,-,08,22107,,N,C,D,A,A,H,-,A,A,0,,,,,Y,,A,01,0,1,0,0,0,0,0,0,0,"- ","- ",37.868148803710938,-122.29180908203125,ALAMEDA,BERKELEY,-122.29196166992188,37.868251800537109
9470733,2023,2023-10-19,0103,2023-08-10,1554,S29,,4,5,6,0103,0,0,0,,0,005,PARKER,MATHEWS,0.00,,Y,-,-,N,,,,,,,,,,N,3,0,1,1,A,-,08,22107,,N,E,I,A,A,H,-,A,D,0,,,,,Y,Y,M,91,0,1,0,0,0,0,0,0,0,"- ","- ",,,ALAMEDA,BERKELEY,-122.28695678710938,37.859634399414062
9514262,2023,2024-03-01,0103,2023-12-01,"148 ",90,,5,5,6,0103,0,0,0,,0,011,"SAN PABLO AV","DWIGHT WY",2.00,S,N,A,-,Y,ALA,4,123,-,-,2.560,H,-,N,Y,3,0,6,3,A,-,12,21453,A,F,C,C,A,A,H,-,C,A,0,,,,,Y,,A,01,0,4,2,0,0,0,0,0,0,"- ","- ",37.861091613769531,-122.28955078125,ALAMEDA,BERKELEY,-122.28948974609375,37.860992431640625
9514266,2023,2024-03-01,0103,2023-12-08,1427,107,4002,5,5,6,0103,0,0,0,,0,010,"ASHBY AV",SACRAMENTO,0.00,,Y,A,-,Y,ALA,4,13,-,-,12.760,I,5,S,Y,3,0,1,2,A,-,09,21801,A,N,D,C,A,A,H,-,A,A,0,,,,,Y,,A,01,0,1,0,0,0,0,0,0,0,"- ","- ",37.853279113769531,-122.27900695800781,ALAMEDA,BERKELEY,-122.27902221679688,37.853305816650391
9514270,2023,2024-03-01,0103,2023-12-05,1138,150,,2,5,6,0103,0,0,0,,0,014,"SAN PABLO",CEDAR,0.00,,Y,A,-,Y,ALA,4,123,-,-,3.600,I,5,N,N,3,0,1,2,A,-,08,22107,,N,B,G,A,A,H,-,A,A,0,,Y,,,Y,,L,04,0,1,0,0,0,0,1,0,0,"- ","- ",37.875198364257812,-122.29409027099609,ALAMEDA,BERKELEY,-122.29409790039062,37.875190734863281
9514275,2023,2024-02-08,0103,2023-12-22,1756,124,20,5,5,6,0103,0,0,0,,0,011,"SAN PABLO",DWIGHT,0.00,,Y,A,-,Y,ALA,,123," "," ",2.567,H,,R,N,3,0,1,2,A,-,03,22350,,N,C,C,A,A,H,-,C,A,0,,,,,Y,,A,01,0,1,0,0,0,0,0,0,0,"- ","- ",37.861091613769531,-122.28955078125,ALAMEDA,BERKELEY,-122.28952026367188,37.861095428466797
9515104,2023,2024-03-01,0103,2023-12-29,1900,80,19,5,5,6,0103,0,0,0,,0,014,"SAN PABLO AV","GILMAN ST",0.00,,Y,C,-,Y,ALA,4,123,-,-,3.980,I,5,S,Y,3,0,2,2,A,-,12,21453,A,N,D,C,A,B,H,-,C,A,0,,,,,Y,,A,01,0,1,1,0,0,0,0,0,0,"- ","- ",37.880470275878906,-122.29579925537109,ALAMEDA,BERKELEY,-122.2958984375,37.880466461181641
9546904,2023,2023-03-02,0103,2023-01-31,1840,94,30,2,5,6,0103,0,0,0,,0,004,"MARTIN LUTHER KING JR WY",ADDISON,0.00,,Y,-,-,N,,,,,,,,,,N,3,0,1,2,A,-,09,21801,A,N,D,G,A,A,H,-,C,D,0,,Y,,,Y,,A,01,0,1,0,0,0,0,1,0,0,"- ","- ",37.87017822265625,-122.27326202392578,ALAMEDA,BERKELEY,-122.27291107177734,37.870567321777344
9546905,2023,2023-03-02,0103,2023-01-31,1807,45,,2,5,6,0103,0,0,0,,0,005,CHANNING,"SHATTUCK AV",200.00,E,N,A,-,N,,,,,,,,,,N,3,0,1,1,A,-,03,22350,,N,H,J,A,A,H,-,C,D,0,,,,,Y,,M,94,0,1,0,0,0,0,0,0,0,"- ","- ",,,ALAMEDA,BERKELEY,-122.26693725585938,37.865859985351562
9546906,2023,2023-03-02,0103,2023-01-31,1500,155,,2,5,6,0103,0,0,0,,0,016,CAMELIA,STANNAGE,0.00,,Y,A,-,N,,,,,,,,,,N,3,0,1,2,A,-,10,21950,A,N,D,B,D,A,H,-,A,D,0,Y,,,,Y,,A,01,0,1,0,0,1,0,0,0,0,"- ","- ",37.87908935546875,-122.29348754882812,ALAMEDA,BERKELEY,-122.29347229003906,37.879108428955078
9546907,2023,2023-03-03,0103,2023-01-31,1029,112,,2,5,6,0103,0,0,0,,0,014,BREAKWATER,"SPINNAKER WY",240.00,S,N,A,-,N,,,,,,,,,,N,2,0,2,3,A,-,21,22106,,F,G,B,E,A,H,-,A,D,0,Y,,,,Y,,A,01,1,1,0,0,2,0,0,0,0,"- ","- ",37.863838195800781,-122.31349945068359,ALAMEDA,BERKELEY,-122.31862640380859,37.869228363037109
9546908,2023,2023-03-02,0103,2023-01-31,"940 ",112,,2,5,6,0103,0,0,0,,0,014,UNIVERSITY,7TH,0.00,,Y,A,-,N,,,,,,,,,,N,2,0,1,2,A,-,10,21950,A,N,G,B,B,A,H,-,A,A,0,Y,,,,Y,,A,01,1,0,0,0,1,0,0,0,0,"- ","- ",37.868198394775391,-122.29662322998047,ALAMEDA,BERKELEY,-122.29663848876953,37.868255615234375
9546909,2023,2023-03-03,0103,2023-01-28,1638,7,"39 01",6,5,6,0103,0,0,0,,0,008,PRINCE,TREMONT,0.00,,Y,A,-,N,,,,,,,,,,Y,3,0,1,2,A,-,09,21800,A,N,D,C,A,A,H,-,A,D,0,,,,,Y,,A,01,0,1,0,0,0,0,0,0,0,"- ","- ",37.852840423583984,-122.26812744140625,ALAMEDA,BERKELEY,-122.26811218261719,37.852802276611328
9546910,2023,2023-03-02,0103,2023-01-24,1830,122,,2,5,6,0103,0,0,0,,0,001,SHATTUCK,ROSE,0.00,,Y,A,-,N,,,,,,,,,,N,3,0,1,2,A,-,10,21950,A,N,G,B,B,A,H,-,C,D,0,Y,,,,Y,,A,01,0,1,0,0,1,0,0,0,0,"- ","- ",37.88201904296875,-122.26953887939453,ALAMEDA,BERKELEY,-122.26953887939453,37.882026672363281
9546911,2023,2023-03-03,0103,2023-01-23,"828 ",124,26,1,5,6,0103,0,0,0,,0,004,"ALLSTON ST",OXFORD,0.00,,Y,A,-,N,,,,,,,,,,N,3,0,1,2,A,-,08,22107,,F,G,B,B,A,H,-,A,D,0,Y,,,,Y,,A,01,0,1,0,0,1,0,0,0,0,"- ","- ",37.869678497314453,-122.26579284667969,ALAMEDA,BERKELEY,-122.26589202880859,37.869678497314453
9546912,2023,2023-03-02,0103,2023-01-21,1909,29,24,6,5,6,0103,0,0,0,,0,002,OXFORD,"HEARST ST",400.00,N,N,A,-,N,,,,,,,,,,N,3,0,1,2,A,-,21,22106,,N,H,C,A,A,H,-,C,D,0,,,,,Y,,A,01,0,1,0,0,0,0,0,0,0,"- ","- ",37.875839233398438,-122.26622772216797,ALAMEDA,BERKELEY,-122.26649475097656,37.875251770019531
9546920,2023,2023-03-02,0103,2023-01-19,1710,107,19,4,5,6,0103,0,0,0,,0,016,ORDWAY,GILMAN,0.00,,Y,A,-,N,,,,,,,,,,N,3,0,1,2,A,-,09,21802,A,F,D,G,A,A,H,-,B,A,0,,Y,,,Y,,L,04,0,1,0,0,0,0,1,0,0,"- ","- ",37.880638122558594,-122.28672790527344,ALAMEDA,BERKELEY,-122.28668975830078,37.880649566650391
9546921,2023,2023-03-02,0103,2023-01-19,1430,94,17,4,5,6,0103,0,0,0,,0,002,OXFORD,CEDAR,0.00,,Y,A,-,N,,,,,,,,,,Y,3,0,2,2,A,-,12,21453,A,N,D,C,A,A,H,-,A,A,0,,,,,Y,,A,01,0,2,0,0,0,0,0,0,0,"- ","- ",37.878711700439453,-122.66861724853516,ALAMEDA,BERKELEY,-122.26686859130859,37.878696441650391
9546922,2023,2023-03-02,0103,2023-01-17,2325,23,"39 01",2,5,6,0103,0,0,0,,0,008,WOOLSEY,DEAKIN,0.00,,Y,A,-,N,,,,,,,,,,N,3,0,1,1,A,-,03,22350,,N,E,I,A,A,G,-,C,A,0,,Y,,,Y,,L,04,0,1,0,0,0,0,1,0,0,"- ","- ",37.853141784667969,-122.25981903076172,ALAMEDA,BERKELEY,-122.26181030273438,37.852729797363281
9546923,2023,2023-03-02,0103,2023-01-17,1714,145,24,2,5,6,0103,0,0,0,,0,003,UNIVERSITY,"MARTIN LUTHER KING JR WY",0.00,,Y,A,-,N,,,,,,,,,,N,4,0,1,2,A,-,04,21703,,N,C,C,A,A,H,-,-,A,0,,,,,Y,,A,01,0,0,1,0,0,0,0,0,0,"- ","- ",37.871559143066406,-122.27300262451172,ALAMEDA,BERKELEY,-122.27300262451172,37.871524810791016
9546924,2023,2023-03-02,0103,2023-01-17,1121,S29,20,2,5,6,0103,0,0,0,,0,014,4TH,CEDAR,0.00,,Y,A,-,N,,,,,,,,,,N,3,0,1,2,A,-,17,22517,,N,F,G,A,A,H,-,A,D,0,,Y,,,Y,,A,01,0,1,0,0,0,0,1,0,0,"- ","- ",,,ALAMEDA,BERKELEY,-122.30181121826172,37.873645782470703
9546925,2023,2023-03-02,0103,2023-01-16,1120,118,,1,5,6,0103,0,0,0,,0,007,"PIEDMONT AV",BANCROFT,0.00,,Y,A,-,N,,,,,,,,,,N,3,0,2,2,A,-,09,21801,B,N,D,C,A,A,H,-,A,D,0,,,,,Y,,A,01,0,2,0,0,0,0,0,0,0,"- ","- ",37.869590759277344,-122.25228881835938,ALAMEDA,BERKELEY,-122.2523193359375,37.869586944580078
9546926,2023,2023-03-07,0103,2023-01-15,1815,149,,7,5,6,0103,0,0,0,,0,008,TELEGRAPH,WARD,0.00,,Y,C,-,N,,,,,,,,,,N,4,0,1,2,A,-,09,21801,A,F,D,G,A,B,H,-,C,D,0,,Y,,,Y,,A,01,0,0,1,0,0,0,1,0,0,"- ","- ",37.860458374023438,-122.25907897949219,ALAMEDA,BERKELEY,-122.25907897949219,37.860462188720703
9546927,2023,2023-03-02,0103,2023-01-14,2211,55,15,6,5,6,0103,0,0,0,,0,002,SHASTA,"STEVENSON PATH",58.00,S,N,C,-,N,,,,,,,,,,Y,3,0,1,2,A,-,01,23152,A,N,F,E,A,B,E,-,D,D,0,,,,,Y,Y,A,01,0,1,0,0,0,0,0,0,0,"- ","- ",37.889949798583984,-122.252197265625,ALAMEDA,BERKELEY,-122.255126953125,37.889595031738281
9546928,2023,2023-03-02,0103,2023-01-14,1904,4,,6,5,6,0103,0,0,0,,0,015,6TH,CAMELIA,0.00,,Y,B,C,N,,,,,,,,,,N,4,0,1,3,A,-,09,21802,A,N,D,C,A,B,A,-,C,D,0,,,,,Y,,A,01,0,0,1,0,0,0,0,0,0,"- ","- ",37.877769470214844,-122.30132293701172,ALAMEDA,BERKELEY,-122.30078887939453,37.877597808837891
9546929,2023,2023-03-02,0103,2023-01-12,1016,23,,4,5,6,0103,0,0,0,,0,012,ACTON,"DERBY ST",50.00,N,N,A,-,N,,,,,,,,,,N,3,0,1,2,A,-,17,22517,,N,H,G,A,A,B,-,A,D,0,,Y,,,Y,,A,01,0,1,0,0,0,0,1,0,0,"- ","- ",37.585769653320312,-122.28279876708984,ALAMEDA,BERKELEY,-122.28250885009766,37.858543395996094
9546930,2023,2023-03-02,0103,2023-01-05,1709,2,,4,5,6,0103,0,0,0,,0,003,MCGEE,BERKELEY,0.00,,Y,C,-,N,,,,,,,,,,N,3,0,1,1,A,-,03,22350,,N,A,J,A,B,H,-,B,A,0,,,Y,,Y,,C,02,0,1,0,0,0,0,0,0,1,"- ","- ",37.871868133544922,-122.27761077880859,ALAMEDA,BERKELEY,-122.27761840820312,37.871875762939453
9546931,2023,2023-03-02,0103,2023-01-05,1543,104,37,4,5,6,0103,0,0,0,,0,007,COLLEGE,ASHBY,0.00,,Y,A,-,N,,,,,,,,,,N,3,0,1,2,A,-,10,21950,A,N,G,B,B,A,H,-,A,A,0,Y,,,,Y,,A,01,0,1,0,0,1,0,0,0,0,"- ","- ",37.857040405273438,-122.25303649902344,ALAMEDA,BERKELEY,-122.25305938720703,37.857032775878906
9546932,2023,2023-03-02,0103,2023-01-04,1750,45,,3,5,6,0103,0,0,0,,0,005,DWIGHT,GRANT,0.00,,Y,C,-,N,,,,,,,,,,N,4,0,1,2,A,-,10,21950,A,F,G,B,D,B,F,-,D,B,0,Y,,,,Y,,A,08,0,0,1,0,1,0,0,0,0,"- ","- ",,,ALAMEDA,BERKELEY,-122.27440643310547,37.863063812255859
9546933,2023,2023-03-02,0103,2023-01-04,1051,85,,3,5,6,0103,0,0,0,,0,005,GRANT,BANCROFT,146.00,N,N,C,-,N,,,,,,,,,,Y,3,0,1,1,A,-,03,22350,,N,A,I,A,-,H,-,A,D,0,,,,,Y,,A,07,0,1,0,0,0,0,0,0,0,"- ","- ",37.867111206054688,-122.27506256103516,ALAMEDA,BERKELEY,-122.27483367919922,37.867076873779297
9546934,2023,2023-03-02,0103,2023-01-04,"720 ",87,20,3,5,6,0103,0,0,0,,0,015,GILMAN,"EASTSHORE HWY",0.00,,Y,B,C,N,,,,,,,,,,N,3,0,1,2,A,-,09,21802,A,N,D,C,A,B,-,-,A,D,0,,,,,Y,,A,01,0,1,0,0,0,0,0,0,0,"- ","- ",37.879669189453125,-122.30729675292969,ALAMEDA,BERKELEY,-122.30648040771484,37.878326416015625
9546935,2023,2023-03-02,0103,2023-01-03,1410,5,,2,5,6,0103,0,0,0,,0,007,COLLEGE,ALCATRAZ,0.00,,Y,B,-,N,,,,,,,,,,N,3,0,1,2,A,-,10,21950,A,N,G,B,B,A,H,-,A,A,0,Y,,,,Y,,A,01,0,1,0,0,1,0,0,0,0,"- ","- ",37.851261138916016,-122.25247955322266,ALAMEDA,BERKELEY,-122.25247192382812,37.851272583007812
9547271,2023,2023-03-01,0103,2023-01-11,"609 ",118,,3,5,6,0103,0,0,0,,0,008,"ASHBY AV","SHATTUCK AV",0.00,,Y,C,-,Y,ALA,4,13,-,-,12.058,I,5,S,N,3,0,1,2,A,-,03,22350,,N,D,C,A,B,H,-,C,A,0,,,,,Y,,D,22,0,1,0,0,0,0,0,0,0,"- ","- ",37.855300903320312,-122.26648712158203,ALAMEDA,BERKELEY,-122.26652526855469,37.855300903320312
9547276,2023,2023-03-07,0103,2023-01-25,"732 ",112,,3,5,6,0103,0,0,0,,0,015,"GILMAN ST","6TH ST",140.00,S,N,A,-,N,,,,,,,,,,N,3,0,1,2,A,-,08,22107,,N,D,C,A,A,H,-,A,A,0,,,Y,,Y,,D,22,0,1,0,0,0,0,0,0,1,"- ","- ",37.879371643066406,-122.30129241943359,ALAMEDA,BERKELEY,-122.30182647705078,37.879276275634766
9551133,2023,2023-03-01,0103,2023-01-24,1243,144,,2,5,6,0103,0,0,0,,0,011,"RT 13","ACTION ST",0.00,,Y,A,-,Y,ALA,4,13,-,-,12.890,I,5,S,N,3,0,1,2,A,-,09,21802,A,N,D,C,A,A,H,-,A,A,0,,,,,Y,,M,94,0,1,0,0,0,0,0,0,0,"- ","- ",,,ALAMEDA,BERKELEY,-122.28137969970703,37.853218078613281
9551137,2023,2023-03-01,0103,2023-01-24,"913 ",104,20,2,5,6,0103,0,0,0,,0,011,"SAN PABLO AV","FOLGER AV",0.00,,Y,A,-,Y,ALA,4,123,-,-,1.850,I,5,S,N,3,0,1,1,A,-,03,22350,,N,F,I,A,A,H,-,A,D,0,,,Y,,Y,,C,02,0,1,0,0,0,0,0,0,1,"- ","- ",37.850959777832031,-122.28629302978516,ALAMEDA,BERKELEY,-122.28645324707031,37.851116180419922
9551141,2023,2023-03-01,0103,2023-01-20,1158,123,,5,5,6,0103,0,0,0,,0,013,"SAN PABLO",CHAUCER,0.00,,Y,A,-,Y,ALA,4,123,-,-,2.750,I,5,S,Y,3,0,1,2,A,-,08,22107,,F,B,C,A,A,H,-,A,D,0,,,Y,,Y,,C,02,0,1,0,0,0,0,0,0,1,"- ","- ",37.863651275634766,-122.29035949707031,ALAMEDA,BERKELEY,-122.29047393798828,37.863666534423828
9551181,2023,2023-02-23,0103,2023-01-07,1220,100,,6,5,6,0103,0,0,0,,0,007,COLLEGE,"WOOLSEY ST",10.00,S,N,B,-,N,,,,,,,,,,N,3,0,2,2,A,-,05,21651,A,N,A,C,A,A,-,-,A,D,0,,,,,Y,,A,01,0,2,0,0,0,0,0,0,0,"- ","- ",37.853900909423828,-122.25273132324219,ALAMEDA,BERKELEY,-122.25273895263672,37.853851318359375
9554963,2023,2023-03-24,0103,2023-02-24,1650,6,3601,5,5,6,0103,0,0,0,,0,008,ASHBY,TELEGRAPH,0.00,,Y,A,-,Y,ALA,4,13,-,-,11.590,H,-,N,N,4,0,1,2,A,-,09,21801,A,N,A,C,A,A,H,-,A,A,0,,,,,Y,,A,07,0,0,1,0,0,0,0,0,0,"- ","- ",37.856189727783203,-122.25966644287109,ALAMEDA,BERKELEY,-122.25934600830078,37.856208801269531
9554970,2023,2023-03-24,0103,2023-01-31,1230,23,37,2,5,6,0103,0,0,0,,0,007,"ASHBY AV","COLLEGE AV",0.00,,Y,A,-,Y,ALA,4,13,-,-,11.230,I,5,N,N,3,0,1,2,A,-,03,22350,,N,D,C,A,A,H,-,A,A,0,,,,,Y,,A,01,0,1,0,0,0,0,0,0,0,"- ","- ",37.857040405273438,-122.25303649902344,ALAMEDA,BERKELEY,-122.25307464599609,37.857013702392578
9555022,2023,2023-04-04,0103,2023-02-06,1418,144,,1,5,6,0103,0,0,0,,0,008,"RT 13",SHATTUCK,0.00,,Y,A,-,Y,ALA,4,13,-,-,12.058,I,5,S,Y,3,0,2,2,A,-,09,21801,A,N,A,C,A,A,H,-,A,A,0,,,,,Y,,A,01,0,1,1,0,0,0,0,0,0,"- ","- ",,,ALAMEDA,BERKELEY,-122.26652526855469,37.855300903320312
9555026,2023,2023-03-24,0103,2023-02-09,1820,109,3601,4,5,6,0103,0,0,0,,0,008,ASHBY,DEAKIN,0.00,,Y,A,-,Y,ALA,4,13,-,-,11.770,I,5,N,N,3,0,1,2,A,-,10,21950,A,N,G,B,B,A,H,-,D,D,0,Y,,,,Y,,D,22,0,1,0,0,1,0,0,0,0,"- ","- ",37.855838775634766,-122.26241302490234,ALAMEDA,BERKELEY,-122.26235198974609,37.855812072753906
9555030,2023,2023-03-24,0103,2023-02-09,2057,90,,4,5,6,0103,0,0,0,,0,009,"RT 13",SACRAMENTO,0.00,,Y,A,-,Y,ALA,4,13,-,-,12.760,I,5,N,Y,3,0,2,2,A,-,09,21801,A,N,D,C,A,A,H,-,C,A,0,,,,,Y,,A,01,0,2,0,0,0,0,0,0,0,"- ","- ",37.853279113769531,-122.27900695800781,ALAMEDA,BERKELEY,-122.27902221679688,37.853305816650391
9555034,2023,2023-03-24,0103,2023-02-15,1740,75,,3,5,6,0103,0,0,0,,0,011,"SAN PABLO",ASHBY,0.00,,Y,A,-,Y,ALA,4,123,-,-,1.930,H,-,N,Y,4,0,1,2,A,-,03,22350,,N,B,E,A,A,H,-,C,D,0,,,,,Y,,A,01,0,0,1,0,0,0,0,0,0,"- ","- ",,,ALAMEDA,BERKELEY,-122.28675079345703,37.852443695068359
9555038,2023,2023-03-24,0103,2023-02-28,1215,33,3601,2,5,6,0103,0,0,0,,0,008,ASHBY,"HILLEGASS AV",72.00,E,N,B,-,Y,ALA,4,13,-,-,11.350,H,-,N,N,3,0,1,2,A,-,03,22350,,N,D,C,A,A,H,-,A,A,0,,,,,Y,,A,01,0,1,0,0,0,0,0,0,0,"- ","- ",37.856731414794922,-122.2554931640625,ALAMEDA,BERKELEY,-122.25514984130859,37.856777191162109
9557877,2023,2023-03-23,0103,2023-01-31,1540,S34,,2,5,6,0103,0,0,0,,0,014,6TH,UNIVERSITY,0.00,,Y,A,-,N,,,,,,,,,,N,4,0,1,2,A,-,04,21703,,N,C,C,A,A,H,-,A,A,0,,,,,Y,Y,D,22,0,0,1,0,0,0,0,0,0,"- ","- ",37.867988586425781,-122.29766082763672,ALAMEDA,BERKELEY,-122.29771423339844,37.867969512939453
9557878,2023,2023-04-03,0103,2023-02-10,1302,112,,5,5,6,0103,0,0,0,,0,003,UNIVERSITY,"MARTIN LUTHER KING JR WY",72.00,W,N,A,-,N,,,,,,,,,,N,3,0,1,2,A,-,17,22517,,N,C,G,A,A,H,-,A,A,0,,Y,,,Y,,D,22,0,1,0,0,0,0,1,0,0,"- ","- ",37.871559143066406,-122.27300262451172,ALAMEDA,BERKELEY,-122.27324676513672,37.871482849121094
9558762,2023,2023-03-22,0103,2023-01-22,1801,27,,7,5,6,0103,0,0,0,,0,001,"GRIZZLY PEAK","FOREST LN",0.00,,Y,A,-,N,,,,,,,,,,N,3,0,1,2,A,-,06,21750,,N,D,G,A,A,H,-,D,D,0,,Y,,,Y,,L,04,0,1,0,0,0,0,1,0,0,"- ","- ",37.894950866699219,-122.26007843017578,ALAMEDA,BERKELEY,-122.26113891601562,37.896785736083984
9561675,2023,2023-03-30,0103,2023-02-01,1805,13,,3,5,6,0103,0,0,0,,0,005,"MILVIA ST","CARLETON ST",0.00,,Y,A,-,N,,,,,,,,,,N,3,0,1,2,A,-,10,21950,A,F,G,B,B,A,H,-,C,A,0,Y,,,,Y,,A,07,0,1,0,0,1,0,0,0,0,"- ","- ",37.860919952392578,-122.26952362060547,ALAMEDA,BERKELEY,-122.26953125,37.860912322998047
9561676,2023,2023-03-30,0103,2023-02-02,1758,25,,4,5,6,0103,0,0,0,,0,014,"6TH AV",UNIVERSITY,0.00,,Y,A,-,N,,,,,,,,,,Y,4,0,1,2,A,-,09,21804,A,N,D,C,A,A,H,-,C,A,0,,,,,Y,,A,01,0,0,1,0,0,0,0,0,0,"- ","- ",37.867988586425781,-122.29766082763672,ALAMEDA,BERKELEY,-122.29771423339844,37.867969512939453
9561677,2023,2023-03-30,0103,2023-02-03,"945 ",32,,5,5,6,0103,0,0,0,,0,003,"MARTIN LUTHER KING JR WY",UNIVERSITY,0.00,,Y,A,-,N,,,,,,,,,,N,4,0,1,3,A,-,07,21658,A,N,B,C,A,A,H,-,A,A,0,,,,,Y,,A,01,0,0,1,0,0,0,0,0,0,"- ","- ",37.871559143066406,-122.27300262451172,ALAMEDA,BERKELEY,-122.27300262451172,37.871524810791016
9561678,2023,2023-03-30,0103,2023-02-06,1559,27,,1,5,6,0103,0,0,0,,0,014,"9TH AV",UNIVERSITY,0.00,,Y,A,-,N,,,,,,,,,,Y,3,0,2,3,A,-,12,21453,A,N,D,C,A,A,H,-,A,A,0,,,,,Y,,A,01,0,2,0,0,0,0,0,0,0,"- ","- ",37.868640899658203,-122.29441070556641,ALAMEDA,BERKELEY,-122.29441833496094,37.868705749511719
9561679,2023,2023-03-30,0103,2023-02-08,1400,149,20,3,5,6,0103,0,0,0,,0,015,EIGHTH,"GILMAN ST",45.00,S,N,A,-,N,,,,,,,,,,N,3,0,1,2,A,-,17,22517,,N,B,G,A,A,H,-,A,D,0,,Y,,,Y,,A,08,0,1,0,0,0,0,1,0,0,"- ","- ",37.879520416259766,-122.29929351806641,ALAMEDA,BERKELEY,-122.29914855957031,37.879692077636719