CASE_ID,ACCIDENT_YEAR,PROC_DATE,JURIS,COLLISION_DATE,COLLISION_TIME,OFFICER_ID,REPORTING_DISTRICT,DAY_OF_WEEK,CHP_SHIFT,POPULATION,CNTY_CITY_LOC,SPECIAL_COND,BEAT_TYPE,CHP_BEAT_TYPE,CITY_DIVISION_LAPD,CHP_BEAT_CLASS,BEAT_NUMBER,PRIMARY_RD,SECONDARY_RD,DISTANCE,DIRECTION,INTERSECTION,WEATHER_1,WEATHER_2,STATE_HWY_IND,CALTRANS_COUNTY,CALTRANS_DISTRICT,STATE_ROUTE,ROUTE_SUFFIX,POSTMILE_PREFIX,POSTMILE,LOCATION_TYPE,RAMP_INTERSECTION,SIDE_OF_HWY,TOW_AWAY,COLLISION_SEVERITY,NUMBER_KILLED,NUMBER_INJURED,PARTY_COUNT,PRIMARY_COLL_FACTOR,PCF_CODE_OF_VIOL,PCF_VIOL_CATEGORY,PCF_VIOLATION,PCF_VIOL_SUBSECTION,HIT_AND_RUN,TYPE_OF_COLLISION,MVIW,PED_ACTION,ROAD_SURFACE,ROAD_COND_1,ROAD_COND_2,LIGHTING,CONTROL_DEVICE,CHP_ROAD_TYPE,PEDESTRIAN_ACCIDENT,BICYCLE_ACCIDENT,MOTORCYCLE_ACCIDENT,TRUCK_ACCIDENT,NOT_PRIVATE_PROPERTY,ALCOHOL_INVOLVED,STWD_VEHTYPE_AT_FAULT,CHP_VEHTYPE_AT_FAULT,COUNT_SEVERE_INJ,COUNT_VISIBLE_INJ,COUNT_COMPLAINT_PAIN,COUNT_PED_KILLED,COUNT_PED_INJURED,COUNT_BICYCLIST_KILLED,COUNT_BICYCLIST_INJURED,COUNT_MC_KILLED,COUNT_MC_INJURED,PRIMARY_RAMP,SECONDARY_RAMP,LATITUDE,LONGITUDE,COUNTY,CITY,POINT_X,POINT_Y
9594793,2023,2023-07-11,0103,2023-05-14,1410,20,22,7,5,6,0103,0,0,0,,0,003,UNIVERSITY,CURTIS,0.00,,Y,A,-,N,,,,,,,,,,Y,3,0,1,2,A,-,07,21658,A,N,F,E,A,A,H,-,A,D,0,,,,,Y,,A,01,0,1,0,0,0,0,0,0,0,"- ","- ",37.869438171386719,-122.28952026367188,ALAMEDA,BERKELEY,-122.28952789306641,37.869388580322266
9594794,2023,2023-07-11,0103,2023-05-13,2109,29,23,6,5,6,0103,0,0,0,,0,002,"LINCOLN AV","MCGEE AV",164.00,W,N,A,-,N,,,,,,,,,,Y,3,0,1,2,A,-,07,21658,A,N,C,E,A,A,H,-,C,D,0,,,,,Y,Y,A,01,0,1,0,0,0,0,0,0,0,"- ","- ",37.876338958740234,-122.27812957763672,ALAMEDA,BERKELEY,-122.27867126464844,37.876258850097656
9594795,2023,2023-07-11,0103,2023-05-10,1227,112,,3,5,6,0103,0,0,0,,0,002,"MARTIN LUTHER KING JR WY","VINE CT",0.00,,Y,A,-,N,,,,,,,,,,Y,3,0,2,1,A,-,09,21801,A,N,E,I,A,A,H,-,A,A,0,,,,,Y,,A,01,0,2,0,0,0,0,0,0,0,"- ","- ",37.879631042480469,-122.27388763427734,ALAMEDA,BERKELEY,-122.27390289306641,37.879631042480469
9594796,2023,2023-07-11,0103,2023-05-13,1300,150,,6,5,6,0103,0,0,0,,0,004,"HEARST AV","BONITA AV",0.00,,Y,A,-,N,,,,,,,,,,N,3,0,1,2,A,-,08,22107,,N,B,G,A,A,H,-,A,D,0,,Y,,,Y,,A,01,0,1,0,0,0,0,1,0,0,"- ","- ",37.873458862304688,-122.27207183837891,ALAMEDA,BERKELEY,-122.27212524414062,37.873432159423828
9594797,2023,2023-07-11,0103,2023-05-09,1930,75,,2,5,6,0103,0,0,0,,0,009,"ADELINE AV","HARMON AV",0.00,,Y,A,-,N,,,,,,,,,,Y,3,0,2,2,A,-,03,22350,,N,C,C,A,A,H,-,A,A,0,,,,,Y,,A,08,0,2,0,0,0,0,0,0,0,"- ","- ",,,ALAMEDA,BERKELEY,-122.27114868164062,37.84967041015625
9594798,2023,2023-07-11,0103,2023-05-08,1212,112,,1,5,6,0103,0,0,0,,0,002,"HEARST AV","LEROY AV",146.00,E,N,A,-,N,,,,,,,,,,N,2,0,1,1,A,-,03,22350,,N,E,I,A,A,H,-,A,A,0,,,,,Y,,M,94,1,0,0,0,0,0,0,0,0,"- ","- ",37.875320434570312,-122.25830078125,ALAMEDA,BERKELEY,-122.25778198242188,37.87542724609375
9594799,2023,2023-07-11,0103,2023-05-08,1207,S29,27,1,5,6,0103,0,0,0,,0,007,"CHANNING ST","COLLEGE AV",0.00,,Y,A,-,N,,,,,,,,,,N,4,0,1,2,A,-,21,22106,,N,C,C,A,A,H,-,A,A,0,,,,,Y,,A,01,0,0,1,0,0,0,0,0,0,"- ","- ",,,ALAMEDA,BERKELEY,-122.25428771972656,37.867481231689453
9594800,2023,2023-07-11,0103,2023-05-07,1223,150,,7,5,6,0103,0,0,0,,0,006,"HILLEGASS AV","DWIGHT WY",0.00,,Y,A,-,N,,,,,,,,,,N,3,0,1,3,A,-,10,21950,A,N,G,B,B,A,H,-,A,A,0,Y,,,,Y,,A,01,0,1,0,0,1,0,0,0,0,"- ","- ",37.865379333496094,-122.25665283203125,ALAMEDA,BERKELEY,-122.25649261474609,37.865375518798828
9594801,2023,2023-07-07,0103,2023-05-05,2245,52,,5,5,6,0103,0,0,0,,0,006,CHANNING,"CHANNING 2510",0.00,,Y,C,-,N,,,,,,,,,,N,3,0,1,1,A,-,03,22350,,N,H,I,A,B,H,-,C,D,0,,,,,Y,Y,M,94,0,1,0,0,0,0,0,0,0,"- ","- ",37.866729736328125,-122.25827026367188,ALAMEDA,BERKELEY,-122.258357,37.866967000000002
9594802,2023,2023-07-07,0103,2023-05-05,1459,4,21,5,5,6,0103,0,0,0,,0,012,"6TH ST","6TH ST 1730",0.00,,Y,A,-,N,,,,,,,,,,N,3,0,1,3,A,-,03,22350,,N,D,E,A,A,H,-,A,D,0,,,,,Y,,A,01,0,1,0,0,0,0,0,0,0,"- ","- ",37.871200561523438,-122.29842376708984,ALAMEDA,BERKELEY,-122.298725,37.871243
9594803,2023,2023-07-07,0103,2023-05-03,1543,17,,3,5,6,0103,0,0,0,,0,007,"COLLEGE AV","DWIGHT WY",212.00,S,N,B,-,N,,,,,,,,,,Y,4,0,2,3,A,-,09,21804,A,N,D,C,A,B,H,-,A,D,0,,,,,Y,,A,01,0,0,2,0,0,0,0,0,0,"- ","- ",37.865100860595703,-122.25420379638672,ALAMEDA,BERKELEY,-122.25384521484375,37.865108489990234
9594804,2023,2023-07-07,0103,2023-05-03,"750 ",118,,3,5,6,0103,0,0,0,,0,008,"COLLEGE AV","WOOLSEY ST",0.00,,Y,C,-,N,,,,,,,,,,N,3,0,1,2,A,-,09,21802,A,N,D,C,A,B,H,-,A,A,0,,,,,Y,,A,01,0,1,0,0,0,0,0,0,0,"- ","- ",37.853900909423828,-122.25273132324219,ALAMEDA,BERKELEY,-122.25273895263672,37.8538818359375
9594805,2023,2023-07-07,0103,2023-05-03,"325 ",38,,3,5,6,0103,0,0,0,,0,002,"MONTEREY AV","HOPKINS ST",528.00,N,N,C,-,N,,,,,,,,,,Y,3,0,1,3,A,-,03,22350,,N,D,E,A,B,H,-,C,D,0,,,,,Y,,A,01,0,1,0,0,0,0,0,0,0,"- ","- ",37.882808685302734,-122.2816162109375,ALAMEDA,BERKELEY,-122.28185272216797,37.882991790771484
9594806,2023,2023-07-07,0103,2023-05-02,1630,45,,2,5,6,0103,0,0,0,,0,013,"10TH ST","GILMAN AV",100.00,N,N,C,-,N,,,,,,,,,,N,4,0,1,2,A,-,09,21801,A,N,D,C,A,B,H,-,A,D,0,,,,,Y,,A,01,0,0,1,0,0,0,0,0,0,"- ","- ",37.880809783935547,-122.29769134521484,ALAMEDA,BERKELEY,-122.29705810546875,37.880516052246094
9595234,2023,2023-08-18,0103,2023-05-03,1705,144,,3,5,6,0103,0,0,0,,0,009,"MARTIN LUTHER KING JR","WOOLSEY ST",30.00,N,N,B,-,N,,,,,,,,,,Y,2,0,4,4,A,-,08,22107,,N,C,C,A,A,H,-,A,D,0,,,,,Y,,A,01,1,3,0,0,0,0,0,0,0,"- ","- ",,,ALAMEDA,BERKELEY,-122.27076721191406,37.851680755615234
9595247,2023,2023-08-14,0103,2023-05-30,1335,107,15,2,5,6,0103,0,0,0,,0,001,TWAIN,"STERLING AV",55.00,W,N,A,-,N,,,,,,,,,,Y,3,0,1,1,C,-,18,,,N,F,I,A,A,H,-,A,A,0,,,,,Y,,-,"- ",0,1,0,0,0,0,0,0,0,"- ","- ",37.890480041503906,-122.25756072998047,ALAMEDA,BERKELEY,-122.25679779052734,37.890464782714844
9596111,2023,2023-07-21,0103,2023-05-01,1132,118,,1,5,6,0103,0,0,0,,0,008,ASHBY,"DEAKIN ST",150.00,E,N,C,-,Y,ALA,4,13,-,-,1.730,H,-,N,N,3,0,1,3,A,-,04,21703,,N,C,C,A,-,H,-,A,A,0,,,,,Y,,A,01,0,1,0,0,0,0,0,0,0,"- ","- ",,,ALAMEDA,BERKELEY,-122.26186370849609,37.855915069580078
9596115,2023,2023-07-21,0103,2023-05-09,1405,75,,2,5,6,0103,0,0,0,,0,010,ASHBY,CALIFORNIA,0.00,,Y,A,-,Y,ALA,4,13,-,-,12.630,H,-,S,N,4,0,1,2,A,-,05,21650,,F,B,C,A,A,H,-,A,D,0,,,,,Y,,A,01,0,0,1,0,0,0,0,0,0,"- ","- ",,,ALAMEDA,BERKELEY,-122.27675628662109,37.853588104248047
9596119,2023,2023-07-21,0103,2023-05-12,"300 ",46,,5,5,6,0103,0,0,0,,0,008,SHATTUCK,"RT 13",0.00,,Y,A,-,Y,ALA,4,13,-,-,12.058,I,5,S,Y,3,0,1,2,A,-,12,21457,A,N,D,C,A,A,H,-,C,A,0,,,,,Y,,A,01,0,1,0,0,0,0,0,0,0,"- ","- ",37.855300903320312,-122.26648712158203,ALAMEDA,BERKELEY,-122.26652526855469,37.855300903320312
9596123,2023,2023-07-21,0103,2023-05-12,1135,S34,24,5,5,6,0103,0,0,0,,0,011,"SAN PABLO",PARKER,0.00,,Y,A,-,Y,ALA,4,123,-,-,2.450,I,5,S,Y,3,0,2,3,A,-,07,21658,A,N,D,C,A,-,H,-,A,A,0,,,,,Y,,A,01,0,2,0,0,0,0,0,0,0,"- ","- ",37.859359741210938,-122.28898620605469,ALAMEDA,BERKELEY,-122.28909301757812,37.859355926513672
9596127,2023,2023-07-21,0103,2023-05-13,1036,26,,6,5,6,0103,0,0,0,,0,011,"SAN PABLO",PARKER,0.00,,Y,A,-,Y,ALA,4,123,-,-,2.450,I,5,S,,3,0,1,2,A,-,12,21453,A,F,D,G,A,A,H,-,A,A,0,,Y,,,Y,,L,04,0,1,0,0,0,0,1,0,0,"- ","- ",37.859359741210938,-122.28898620605469,ALAMEDA,BERKELEY,-122.28909301757812,37.859355926513672
9596131,2023,2023-07-21,0103,2023-05-26,1507,121,,5,5,6,0103,0,0,0,,0,010,ASHBY,"SACRAMENTO ST",0.00,,Y,A,-,Y,ALA,4,13,-,-,12.790,H,-,S,N,4,0,2,3,A,-,08,22107,,N,B,C,A,A,H,-,A,A,0,,,,,Y,,A,01,0,0,2,0,0,0,0,0,0,"- ","- ",37.853279113769531,-122.27900695800781,ALAMEDA,BERKELEY,-122.27952575683594,37.853267669677734
9596278,2023,2023-07-19,0103,2023-04-27,2325,125,,4,5,6,0103,0,0,0,,0,007,COLLEGE,"RUSSELL AV",0.00,,Y,A,-,N,,,,,,,,,,Y,3,0,1,2,A,-,03,22350,,F,C,C,A,A,H,-,C,A,0,,,,,Y,,A,01,0,1,0,0,0,0,0,0,0,"- ","- ",37.862461090087891,-122.25042724609375,ALAMEDA,BERKELEY,-122.25318908691406,37.858489990234375
9596279,2023,2023-07-10,0103,2023-04-21,1345,69,,5,5,6,0103,0,0,0,,0,003,UNIVERSITY,MCGEE,0.00,,Y,A,-,N,,,,,,,,,,Y,3,0,1,2,A,-,09,21802,A,N,D,C,A,A,H,-,A,A,0,,,,,Y,,A,01,0,1,0,0,0,0,0,0,0,"- ","- ",37.8709716796875,-122.27749633789062,ALAMEDA,BERKELEY,-122.27751922607422,37.871036529541016
9599933,2023,2023-08-02,0103,2023-06-02,"910 ",148,29,5,5,6,0103,0,0,0,,0,006,BANCROFT,FULTON,0.00,,Y,A,-,N,,,,,,,,,,N,3,0,1,2,A,-,11,21954,A,N,G,B,E,A,D,-,A,A,0,Y,,,,Y,,N,60,0,1,0,0,1,0,0,0,0,"- ","- ",37.867828369140625,-122.26595306396484,ALAMEDA,BERKELEY,-122.26593017578125,37.867843627929688
9599949,2023,2023-08-02,0103,2023-06-30,1639,6,3901,5,5,6,0103,0,0,0,,0,009,ADELINE,HARMON,0.00,,Y,A,-,N,,,,,,,,,,Y,4,0,1,2,A,-,09,21802,A,N,B,C,A,A,H,-,A,A,0,,,,,Y,,A,01,0,0,1,0,0,0,0,0,0,"- ","- ",37.84967041015625,-122.27105712890625,ALAMEDA,BERKELEY,-122.27114868164062,37.84967041015625
9599950,2023,2023-08-02,0103,2023-06-30,1145,121,,5,5,6,0103,0,0,0,,0,011,"SAN PABLO",BANCROFT,0.00,,Y,A,-,N,,,,,,,,,,Y,3,0,1,2,A,-,10,21950,A,N,G,B,B,A,H,-,A,A,0,Y,,,,Y,,A,01,0,1,0,0,1,0,0,0,0,"- ","- ",37.864620208740234,-122.29067230224609,ALAMEDA,BERKELEY,-122.29064178466797,37.864620208740234
9599951,2023,2023-08-02,0103,2023-06-29,"904 ",112,,4,5,6,0103,0,0,0,,0,006,SHATTUCK,HASTE,0.00,,Y,A,-,N,,,,,,,,,,N,3,0,2,2,A,-,12,21453,A,N,D,C,A,A,H,-,A,A,0,,,,,Y,,A,01,0,2,0,0,0,0,0,0,0,"- ","- ",37.864879608154297,-122.26747131347656,ALAMEDA,BERKELEY,-122.26750946044922,37.864879608154297
9599952,2023,2023-08-02,0103,2023-06-27,1110,112,,2,5,6,0103,0,0,0,,0,004,ADDISON,"SAN PABLO AV",12.00,E,N,A,-,N,,,,,,,,,,Y,3,0,1,1,A,-,08,22107,,N,E,I,A,A,H,-,A,A,0,,,,,Y,,A,01,0,1,0,0,0,0,0,0,0,"- ","- ",37.868148803710938,-122.29180908203125,ALAMEDA,BERKELEY,-122.29174041748047,37.868156433105469
9599953,2023,2023-08-02,0103,2023-06-23,1241,77,,5,5,6,0103,0,0,0,,0,004,UNIVERSITY,BONITA,0.00,,Y,B,-,N,,,,,,,,,,N,3,0,1,2,A,-,21,22106,,N,G,B,B,A,H,-,A,D,0,Y,,,,Y,,A,01,0,1,0,0,1,0,0,0,0,"- ","- ",37.871700286865234,-122.27187347412109,ALAMEDA,BERKELEY,-122.27189636230469,37.871749877929688
9599954,2023,2023-08-02,0103,2023-06-22,2215,70,,4,5,6,0103,0,0,0,,0,008,SHATTUCK,"CARLETON ST",144.00,S,N,A,-,N,,,,,,,,,,Y,3,0,1,1,A,-,08,22107,,N,E,I,A,A,H,-,C,A,0,,,,,Y,,A,01,0,1,0,0,0,0,0,0,0,"- ","- ",37.860958099365234,-122.26743316650391,ALAMEDA,BERKELEY,-122.26708221435547,37.860855102539062
9599955,2023,2023-08-09,0103,2023-06-20,1511,145,,2,5,6,0103,0,0,0,,0,004,HEARST,OXFORD,0.00,,Y,A,-,N,,,,,,,,,,Y,3,0,1,2,A,-,09,21801,A,N,D,C,A,A,C,-,A,A,0,,,,,Y,,A,01,0,1,0,0,0,0,0,0,0,"- ","- ",37.874149322509766,-122.26628875732422,ALAMEDA,BERKELEY,-122.26634979248047,37.874160766601562
9599956,2023,2023-08-02,0103,2023-06-16,2317,80,26,5,5,6,0103,0,0,0,,0,004,UNIVERSITY,OXFORD,0.00,,Y,A,-,N,,,,,,,,,,Y,3,0,2,2,A,-,01,23153,A,N,D,C,A,A,H,-,C,A,0,,,,,Y,Y,A,01,0,1,1,0,0,0,0,0,0,"- ","- ",37.872451782226562,-122.26608276367188,ALAMEDA,BERKELEY,-122.26616668701172,37.872486114501953
9599981,2023,2023-08-16,0103,2023-06-16,1517,20,20,5,5,6,0103,0,0,0,,0,012,ADDISON,6TH,0.00,,Y,A,-,N,,,,,,,,,,Y,4,0,3,2,A,-,09,21802,A,N,D,C,A,A,H,-,A,D,0,,,,,Y,,D,22,0,0,3,0,0,0,0,0,0,"- ","- ",37.866710662841797,-122.29724884033203,ALAMEDA,BERKELEY,-122.29727172851562,37.866706848144531
9599982,2023,2023-08-18,0103,2023-06-15,1535,85,15,4,5,6,0103,0,0,0,,0,005,"MARTIN LUTHER KING JR",ALLSTON,0.00,,Y,A,-,N,,,,,,,,,,Y,3,0,2,1,A,-,12,21453,A,N,E,I,A,A,H,-,A,A,0,,,,,Y,,A,01,0,1,1,0,0,0,0,0,0,"- ","- ",37.868770599365234,-122.27269744873047,ALAMEDA,BERKELEY,-122.27268218994141,37.868770599365234
9599983,2023,2023-08-03,0103,2023-06-14,1244,84,,3,5,6,0103,0,0,0,,0,014,CEDAR,STANNAGE,0.00,,Y,A,-,N,,,,,,,,,,Y,3,0,2,2,A,-,09,21802,A,N,D,C,A,A,H,-,A,A,0,,,,,Y,,A,01,0,1,1,0,0,0,0,0,0,"- ","- ",37.875480651855469,-122.29299163818359,ALAMEDA,BERKELEY,-122.29228210449219,37.875446319580078
9599984,2023,2023-08-18,0103,2023-06-13,1608,150,,2,5,6,0103,0,0,0,,0,006,SHATTUCK,CHANNING,0.00,,Y,A,-,N,,,,,,,,,,Y,3,0,2,2,A,-,12,21453,A,N,D,C,A,A,H,-,A,A,0,,,,,Y,,A,01,0,2,0,0,0,0,0,0,0,"- ","- ",37.865779876708984,-122.267578125,ALAMEDA,BERKELEY,-122.26761627197266,37.865779876708984
9599985,2023,2023-08-03,0103,2023-06-13,1809,17,,2,5,6,0103,0,0,0,,0,007,CHANNING,WARRING,0.00,,Y,A,-,N,,,,,,,,,,N,4,0,1,2,A,-,08,22107,,N,D,C,A,A,H,-,A,A,0,,,Y,,Y,,A,01,0,0,1,0,0,0,0,0,1,"- ","- ",37.867931365966797,-122.25083160400391,ALAMEDA,BERKELEY,-122.25083160400391,37.867931365966797
9599986,2023,2023-08-04,0103,2023-06-13,1525,84,,2,5,6,0103,0,0,0,,0,003,UNIVERSITY,WEST,0.00,,Y,A,-,N,,,,,,,,,,N,3,0,1,2,A,-,12,21453,A,F,A,G,A,-,H,-,-,A,0,,Y,,,Y,,A,01,0,1,0,0,0,0,1,0,0,"- ","- ",37.869819641113281,-122.28655242919922,ALAMEDA,BERKELEY,-122.28652191162109,37.869876861572266
9599987,2023,2023-08-03,0103,2023-06-13,1325,84,,2,5,6,0103,0,0,0,,0,005,MILVIA,"PARKER ST",85.00,N,N,A,-,N,,,,,,,,,,N,4,0,1,3,A,-,03,22350,,N,C,B,E,A,H,-,A,D,0,Y,,,,Y,,A,01,0,0,1,0,1,0,0,0,0,"- ","- ",37.861991882324219,-122.26988220214844,ALAMEDA,BERKELEY,-122.26968383789062,37.862041473388672
9599988,2023,2023-08-18,0103,2023-06-13,"743 ",124,,2,5,6,0103,0,0,0,,0,003,UNIVERSITY,BONAR,0.00,,Y,A,-,N,,,,,,,,,,N,4,0,1,2,A,-,01,23152,A,N,D,C,A,A,H,-,A,A,0,,,,,Y,Y,A,01,0,0,1,0,0,0,0,0,0,"- ","- ",37.869701385498047,-122.28749847412109,ALAMEDA,BERKELEY,-122.28749847412109,37.8697509765625
9599989,2023,2023-08-10,0103,2023-06-11,1054,148,29,7,5,6,0103,0,0,0,,0,006,SHATTUCK,CHANNING,0.00,,Y,B,-,N,,,,,,,,,,N,3,0,1,2,A,-,12,21453,A,N,D,G,A,A,G,-,A,A,0,,Y,,,Y,Y,L,04,0,1,0,0,0,0,1,0,0,"- ","- ",37.865779876708984,-122.267578125,ALAMEDA,BERKELEY,-122.26761627197266,37.865779876708984
9599990,2023,2023-08-18,0103,2023-06-09,1115,26,,5,5,6,0103,0,0,0,,0,013,CAMELIA,6TH,0.00,,Y,B,-,N,,,,,,,,,,N,3,0,1,2,A,-,09,21802,A,N,D,C,A,A,H,-,A,A,0,,,,,Y,,A,01,0,1,0,0,0,0,0,0,0,"- ","- ",37.877490997314453,-122.30050659179688,ALAMEDA,BERKELEY,-122.30078887939453,37.877597808837891
9599991,2023,2023-08-03,0103,2023-06-08,"955 ",108,,4,5,6,0103,0,0,0,,0,004,SHATTUCK,"SHATTUCK SQ",23.00,N,N,A,-,N,,,,,,,,,,N,3,0,1,3,A,-,09,21801,A,F,B,C,A,A,H,-,A,A,0,,,,,Y,,A,01,0,1,0,0,0,0,0,0,0,"- ","- ",37.871170043945312,-122.26828002929688,ALAMEDA,BERKELEY,-122.26829528808594,37.871212005615234
9599992,2023,2023-08-04,0103,2023-06-08,"53  ",90,,4,5,6,0103,0,0,0,,0,011,DWIGHT,7TH,0.00,,Y,A,-,N,,,,,,,,,,N,2,0,1,1,A,-,03,22350,,N,H,J,A,A,H,-,C,A,0,,Y,,,Y,,L,04,1,0,0,0,0,0,1,0,0,"- ","- ",37.859981536865234,-122.29508972167969,ALAMEDA,BERKELEY,-122.29405212402344,37.860191345214844
9599993,2023,2023-08-03,0103,2023-06-07,1207,112,,3,5,6,0103,0,0,0,,0,005,DWIGHT,SACRAMENTO,0.00,,Y,A,-,N,,,,,,,,,,N,4,0,2,2,A,-,09,21801,A,N,D,C,A,A,H,-,A,A,0,,,,,Y,,A,07,0,0,2,0,0,0,0,0,0,"- ","- ",37.862201690673828,-122.28108978271484,ALAMEDA,BERKELEY,-122.28118896484375,37.862190246582031
9599994,2023,2023-08-18,0103,2023-06-04,1816,7,20,7,5,6,0103,0,0,0,,0,013,GILMAN,"E SHORE HWY",0.00,,Y,A,-,N,,,,,,,,,,Y,3,0,2,2,A,-,09,21801,A,N,D,C,A,A,H,-,A,D,0,,,,,Y,,A,01,0,1,1,0,0,0,0,0,0,"- ","- ",37.878089904785156,-122.30760955810547,ALAMEDA,BERKELEY,-122.30648040771484,37.878326416015625
9599996,2023,2023-08-03,0103,2023-06-02,2236,6,34,5,5,6,0103,0,0,0,,0,009,MCGEE,"OREGON ST",0.00,,Y,A,-,N,,,,,,,,,,N,3,0,1,1,A,-,03,22350,,N,H,-,A,A,H,-,C,-,0,,Y,,,Y,Y,L,04,0,1,0,0,0,0,1,0,0,"- ","- ",37.856571197509766,-122.27523040771484,ALAMEDA,BERKELEY,-122.27524566650391,37.856555938720703
9599997,2023,2023-08-03,0103,2023-06-02,1615,20,21,5,5,6,0103,0,0,0,,0,012,UNIVERSITY,6TH,0.00,,Y,A,-,N,,,,,,,,,,Y,3,0,1,2,A,-,12,21453,A,N,D,C,A,A,H,-,A,A,0,,,,,Y,,A,01,0,1,0,0,0,0,0,0,0,"- ","- ",37.867988586425781,-122.29766082763672,ALAMEDA,BERKELEY,-122.29771423339844,37.867969512939453
9599998,2023,2023-08-03,0103,2023-06-02,1041,124,,5,5,6,0103,0,0,0,,0,001,VINE,OXFORD,0.00,,Y,A,-,N,,,,,,,,,,N,3,0,1,2,A,-,11,21456,B,N,G,B,B,A,H,-,A,A,0,Y,Y,,,Y,,N,60,0,1,0,0,0,0,1,0,0,"- ","- ",37.880508422851562,-122.26706695556641,ALAMEDA,BERKELEY,-122.26708984375,37.880496978759766
9601126,2023,2023-08-11,0103,2023-05-26,2308,125,,5,5,6,0103,0,0,0,,0,007,"TUNNEL RD","ROBLE RD",0.00,,-,A,F,Y,ALA,4,13,-,-,10.185,H,-,S,N,2,0,1,1,C,-,18,,,N,E,I,A,A,A,-,D,D,0,,,Y,,Y,,-,"- ",1,0,0,0,0,0,0,0,1,"- ","- ",37.835590362548828,-122.23626708984375,ALAMEDA,BERKELEY,-122.23637390136719,37.854072570800781
9601158,2023,2023-08-11,0103,2023-06-07,1555,155,,3,5,6,0103,0,0,0,,0,014,"SAN PABLO","DELAWARE ST",0.00,,Y,A,-,Y,ALA,4,123,-,-,3.340,I,5,S,N,3,0,1,2,A,-,09,21801,A,N,D,G,A,A,H,-,A,A,0,,Y,,,Y,,D,22,0,1,0,0,0,0,1,0,0,"- ","- ",37.871688842773438,-122.29296112060547,ALAMEDA,BERKELEY,-122.29305267333984,37.871688842773438
9601162,2023,2023-08-11,0103,2023-06-01,1530,107,20,4,5,6,0103,0,0,0,,0,011,"ASHBY AV","9TH ST",0.00,,Y,A,-,Y,ALA,4,13,-,-,13.340,H,-,N,Y,2,0,1,2,A,-,03,22350,,N,D,C,A,-,H,-,A,A,0,,,Y,,Y,,C,02,1,0,0,0,0,0,0,0,1,"- ","- ",37.851619720458984,-122.28936767578125,ALAMEDA,BERKELEY,-122.28954315185547,37.851596832275391
9601166,2023,2023-08-14,0103,2023-06-10,1600,120,34,6,5,6,0103,0,0,0,,0,010,ASHBY,SACRAMENTO,0.00,,Y,A,-,Y,ALA,4,13,-,-,12.760,I,5,N,N,3,0,1,2,A,-,08,22107,,N,D,C,A,A,H,-,A,A,0,,,,,Y,,A,01,0,1,0,0,0,0,0,0,0,"- ","- ",37.853279113769531,-122.27900695800781,ALAMEDA,BERKELEY,-122.27902221679688,37.853305816650391
9601170,2023,2023-08-14,0103,2023-06-10,2233,12,,6,5,6,0103,0,0,0,,0,008,TELEGRAPH,ASHBY,0.00,,Y,A,-,Y,ALA,4,13,-,-,11.610,I,5,N,Y,3,0,1,2,A,-,09,21801,A,N,D,C,A,A,H,-,C,A,0,,,,,Y,,A,01,0,1,0,0,0,0,0,0,0,"- ","- ",37.856189727783203,-122.25966644287109,ALAMEDA,BERKELEY,-122.25969696044922,37.856155395507812
9601174,2023,2023-08-14,0103,2023-06-24,"850 ",73,36,6,5,6,0103,0,0,0,,0,007,ASHBY,HILLEGASS,0.00,,Y,A,-,Y,ALA,4,13,-,-,11.370,I,5,S,N,3,0,1,2,A,-,12,21453,A,N,G,B,B,A,H,-,A,A,0,Y,,,,Y,,A,07,0,1,0,0,1,0,0,0,0,"- ","- ",37.856731414794922,-122.2554931640625,ALAMEDA,BERKELEY,-122.25550079345703,37.856735229492188