CASE_ID,ACCIDENT_YEAR,PROC_DATE,JURIS,COLLISION_DATE,COLLISION_TIME,OFFICER_ID,REPORTING_DISTRICT,DAY_OF_WEEK,CHP_SHIFT,POPULATION,CNTY_CITY_LOC,SPECIAL_COND,BEAT_TYPE,CHP_BEAT_TYPE,CITY_DIVISION_LAPD,CHP_BEAT_CLASS,BEAT_NUMBER,PRIMARY_RD,SECONDARY_RD,DISTANCE,DIRECTION,INTERSECTION,WEATHER_1,WEATHER_2,STATE_HWY_IND,CALTRANS_COUNTY,CALTRANS_DISTRICT,STATE_ROUTE,ROUTE_SUFFIX,POSTMILE_PREFIX,POSTMILE,LOCATION_TYPE,RAMP_INTERSECTION,SIDE_OF_HWY,TOW_AWAY,COLLISION_SEVERITY,NUMBER_KILLED,NUMBER_INJURED,PARTY_COUNT,PRIMARY_COLL_FACTOR,PCF_CODE_OF_VIOL,PCF_VIOL_CATEGORY,PCF_VIOLATION,PCF_VIOL_SUBSECTION,HIT_AND_RUN,TYPE_OF_COLLISION,MVIW,PED_ACTION,ROAD_SURFACE,ROAD_COND_1,ROAD_COND_2,LIGHTING,CONTROL_DEVICE,CHP_ROAD_TYPE,PEDESTRIAN_ACCIDENT,BICYCLE_ACCIDENT,MOTORCYCLE_ACCIDENT,TRUCK_ACCIDENT,NOT_PRIVATE_PROPERTY,ALCOHOL_INVOLVED,STWD_VEHTYPE_AT_FAULT,CHP_VEHTYPE_AT_FAULT,COUNT_SEVERE_INJ,COUNT_VISIBLE_INJ,COUNT_COMPLAINT_PAIN,COUNT_PED_KILLED,COUNT_PED_INJURED,COUNT_BICYCLIST_KILLED,COUNT_BICYCLIST_INJURED,COUNT_MC_KILLED,COUNT_MC_INJURED,PRIMARY_RAMP,SECONDARY_RAMP,LATITUDE,LONGITUDE,COUNTY,CITY,POINT_X,POINT_Y
9601178,2023,2023-08-14,0103,2023-06-27,1335,42,,2,5,6,0103,0,0,0,,0,014,"SAN PABLO AV",GILMAN,0.00,,Y,A,-,Y,ALA,4,123,-,-,3.970,H,-,N,N,3,0,1,2,A,-,03,22350,,F,C,C,A,A,H,-,A,A,0,,,,,Y,,A,01,0,1,0,0,0,0,0,0,0,"- ","- ",37.880470275878906,-122.29579925537109,ALAMEDA,BERKELEY,-122.29576873779297,37.880352020263672
9601182,2023,2023-08-14,0103,2023-06-28,1218,112,,3,5,6,0103,0,0,0,,0,011,"RT 13","9TH ST",285.00,E,N,A,-,Y,ALA,4,13,-,-,13.310,H,-,N,Y,3,0,2,2,A,-,04,21703,,N,C,C,A,A,H,-,A,A,0,,,,,Y,,A,01,0,2,0,0,0,0,0,0,0,"- ","- ",37.851619720458984,-122.28936767578125,ALAMEDA,BERKELEY,-122.28847503662109,37.851818084716797
9601596,2023,2023-09-08,0103,2023-07-11,1314,144,,2,5,6,0103,0,0,0,,0,014,"RT 123",GILMAN,100.00,N,N,A,-,Y,ALA,4,123,-,-,4.000,H,-,S,N,3,0,1,2,A,-,08,22107,,N,B,E,A,A,H,-,A,D,0,,,,,Y,,A,07,0,1,0,0,0,0,0,0,0,"- ","- ",,,ALAMEDA,BERKELEY,-122.29598236083984,37.8807373046875
9601600,2023,2023-09-11,0103,2023-07-11,1240,107,34,2,5,6,0103,0,0,0,,0,010,"RT 13",CALIFORNIA,0.00,,Y,A,-,Y,ALA,4,13,-,-,12.640,I,5,S,Y,3,0,2,2,A,-,01,23153,F,N,D,C,A,A,H,-,A,A,0,,,,,Y,,A,01,0,2,0,0,0,0,0,0,0,"- ","- ",37.853549957275391,-122.27693176269531,ALAMEDA,BERKELEY,-122.27694702148438,37.853565216064453
9601649,2023,2023-09-07,0103,2023-07-17,"636 ",112,,1,5,6,0103,0,0,0,,0,009,"RT 13","MARTIN LUTHER KING JR",0.00,,Y,A,-,Y,ALA,4,13,-,-,12.320,I,5,N,Y,2,0,1,2,A,-,12,21453,A,N,D,C,A,A,H,-,A,A,0,,,,,Y,,A,01,1,0,0,0,0,0,0,0,0,"- ","- ",37.854320526123047,-122.27108001708984,ALAMEDA,BERKELEY,-122.27113342285156,37.854282379150391
9601653,2023,2023-09-07,0103,2023-07-19,2122,94,29,3,5,6,0103,0,0,0,,0,005,HASTE,SHATTUCK,0.00,,Y,-,-,N,,,,,,,,,,Y,3,0,1,2,A,-,12,21453,A,N,D,C,A,A,H,-,C,A,0,,,,,Y,,A,01,0,1,0,0,0,0,0,0,0,"- ","- ",37.864879608154297,-122.26747131347656,ALAMEDA,BERKELEY,-122.26750946044922,37.864879608154297
9601657,2023,2023-09-07,0103,2023-07-19,1320,107,20,3,5,6,0103,0,0,0,,0,011,"RT 13",9TH,0.00,,Y,A,-,Y,ALA,4,13,-,-,13.330,I,5,S,Y,3,0,3,2,A,-,09,21801,A,N,D,C,A,-,H,-,A,A,0,,,,,Y,,A,01,0,3,0,0,0,0,0,0,0,"- ","- ",37.851409912109375,-122.28914642333984,ALAMEDA,BERKELEY,-122.28938293457031,37.851634979248047
9601661,2023,2023-09-07,0103,2023-07-16,1228,47,,7,5,6,0103,0,0,0,,0,011,"RT 123",ASHBY,0.00,,Y,A,-,Y,ALA,4,13,-,-,13.180,I,5,N,Y,3,0,2,2,A,-,09,21453,C,N,D,C,A,A,H,-,A,A,0,,,,,Y,,A,01,0,2,0,0,0,0,0,0,0,"- ","- ",,,ALAMEDA,BERKELEY,-122.28667449951172,37.852169036865234
9601665,2023,2023-09-07,0103,2023-07-13,1132,112,,4,5,6,0103,0,0,0,,0,008,"RT 13",LORINA,0.00,,Y,A,-,Y,ALA,4,13,-,-,11.980,I,5,S,Y,4,0,1,4,A,-,08,22107,,N,B,C,A,A,H,-,A,A,0,,,,,Y,,A,01,0,0,1,0,0,0,0,0,0,"- ","- ",37.855430603027344,-122.26547241210938,ALAMEDA,BERKELEY,-122.26549530029297,37.85540771484375
9601669,2023,2023-09-11,0103,2023-07-12,1232,17,,3,5,6,0103,0,0,0,,0,007,"RT 13",HILLEGASS,0.00,,Y,A,-,Y,ALA,4,13,-,-,11.370,I,5,N,Y,4,0,1,2,A,-,09,21802,A,N,D,C,A,A,H,-,A,A,0,,,,,Y,,A,01,0,0,1,0,0,0,0,0,0,"- ","- ",37.856731414794922,-122.2554931640625,ALAMEDA,BERKELEY,-122.25550079345703,37.856735229492188
9601673,2023,2023-09-11,0103,2023-07-06,"700 ",107,20,4,5,6,0103,0,0,0,,0,014,"RT 123","GILMAN ST",31.00,S,N,A,-,Y,ALA,4,123,-,-,3.970,H,-,S,Y,3,0,2,1,A,-,03,22350,,N,E,I,A,-,H,-,A,A,0,,,,,Y,,A,01,0,2,0,0,0,0,0,0,0,"- ","- ",37.880470275878906,-122.29579925537109,ALAMEDA,BERKELEY,-122.29585266113281,37.880329132080078
9604603,2023,2023-11-27,0103,2023-09-05,1215,107,33,2,5,6,0103,0,0,0,,0,011,"SAN PABLO AV","CARLETON ST",0.00,,Y,A,-,Y,ALA,4,123,-,-,2.360,H,-,S,Y,3,0,1,1,C,-,18,,,N,E,I,A,-,H,-,A,A,0,,,,,Y,,-,"- ",0,1,0,0,0,0,0,0,0,"- ","- ",37.858509063720703,-122.2886962890625,ALAMEDA,BERKELEY,-122.28862762451172,37.857978820800781
9604630,2023,2023-11-27,0103,2023-09-27,1742,112,,3,5,6,0103,0,0,0,,0,011,"SAN PABLO","CARRISON ST",30.00,S,N,A,-,Y,ALA,4,123,-,-,1.830,H,-,N,N,3,0,2,3,A,-,03,22350,,N,C,C,A,A,H,-,A,A,0,,,,,Y,,A,01,0,2,0,0,0,0,0,0,0,"- ","- ",37.850959777832031,-122.28581237792969,ALAMEDA,BERKELEY,-122.28623962402344,37.850837707519531
9604634,2023,2023-11-29,0103,2023-09-24,"700 ",,36,7,5,6,0103,0,0,0,,0,007,"ASHBY AV","COLLEGE AV",163.00,W,N,A,-,Y,ALA,4,13,-,-,11.260,H,-,S,N,4,0,1,2,A,-,21,22106,,N,E,C,A,A,H,-,A,D,0,,,,,Y,,A,01,0,0,1,0,0,0,0,0,0,"- ","- ",37.857219696044922,-122.25328063964844,ALAMEDA,BERKELEY,-122.25358581542969,37.856952667236328
9604638,2023,2023-11-27,0103,2023-09-12,1134,112,,2,5,6,0103,0,0,0,,0,014,"SAN PABLO","HEARST AV",90.00,N,N,A,-,Y,ALA,4,123,-,-,3.260,H,-,S,Y,3,0,1,3,A,-,07,21658,A,N,C,E,A,A,H,-,A,A,0,,,,,Y,,A,01,0,1,0,0,0,0,0,0,0,"- ","- ",37.870719909667969,-122.29302978515625,ALAMEDA,BERKELEY,-122.29270935058594,37.870681762695312
9613279,2023,2023-09-05,0103,2023-05-27,1900,55,,6,5,6,0103,0,0,0,,0,001,SPRUCE,MICHIGAN,0.00,,Y,A,-,N,,,,,,,,,,N,3,0,1,2,A,-,09,21801,A,F,D,G,A,A,H,-,A,D,0,,Y,,,Y,,A,01,0,1,0,0,0,0,1,0,0,"- ","- ",37.901851654052734,-122.26719665527344,ALAMEDA,BERKELEY,-122.27027893066406,37.901599884033203
9613529,2023,2023-09-05,0103,2023-07-29,"125 ",29,37,6,5,6,0103,0,0,0,,0,007,WARRING,"DERBY ST",351.00,N,N,-,-,N,,,,,,,,,,Y,3,0,1,2,A,-,01,23152,A,N,A,E,A,A,H,-,C,D,0,,,,,Y,Y,A,01,0,1,0,0,0,0,0,0,0,"- ","- ",37.862308502197266,-122.25009918212891,ALAMEDA,BERKELEY,-122.25021362304688,37.863292694091797
9613556,2023,2023-09-05,0103,2023-07-31,"545 ",107,29,1,5,6,0103,0,0,0,,0,006,SHATTUCK,BANCROFT,0.00,,Y,A,-,N,,,,,,,,,,N,3,0,1,2,A,-,11,21950,B,N,G,B,B,-,H,-,C,A,0,Y,,,,Y,,N,60,0,1,0,0,1,0,0,0,0,"- ","- ",37.867450714111328,-122.26734924316406,ALAMEDA,BERKELEY,-122.26782989501953,37.867591857910156
9613557,2023,2023-09-07,0103,2023-07-28,"808 ",107,34,5,5,6,0103,0,0,0,,0,005,"MARTIN LUTHER KING JR WY","BLAKE ST",65.00,S,N,A,-,N,,,,,,,,,,N,3,0,1,2,A,-,08,22107,,N,D,G,A,A,H,-,A,A,0,,Y,,Y,Y,,L,04,0,1,0,0,0,0,1,0,0,"- ","- ",37.862438201904297,-122.27189636230469,ALAMEDA,BERKELEY,-122.27198791503906,37.862262725830078
9613558,2023,2023-09-07,0103,2023-07-24,1255,122,,1,5,6,0103,0,0,0,,0,002,"HEARST AV","LEROY AV",0.00,,Y,A,-,N,,,,,,,,,,N,3,0,1,2,A,-,11,21954,A,F,B,B,E,A,H,-,A,D,0,Y,,,Y,Y,,N,60,0,1,0,0,1,0,0,0,0,"- ","- ",37.87567138671875,-122.25871276855469,ALAMEDA,BERKELEY,-122.25827789306641,37.875358581542969
9613562,2023,2023-09-07,0103,2023-07-19,"928 ",3112,,3,5,6,0103,0,0,0,,0,002,OXFORD,HEARST,0.00,,Y,A,-,N,,,,,,,,,,Y,3,0,1,2,A,-,12,21453,A,N,B,C,A,A,H,-,A,A,0,,,,Y,Y,,F,27,0,1,0,0,0,0,0,0,0,"- ","- ",37.874149322509766,-122.26628875732422,ALAMEDA,BERKELEY,-122.26634979248047,37.874160766601562
9613564,2023,2023-09-05,0103,2023-07-14,1840,149,36(02,5,5,6,0103,0,0,0,,0,007,HILLEGASS,RUSSELL,0.00,,Y,A,-,N,,,,,,,,,,N,3,0,1,2,A,-,12,22450,A,N,D,C,A,A,H,-,A,A,0,,,,,Y,,M,94,0,1,0,0,0,0,0,0,0,"- ","- ",37.858158111572266,-122.25566101074219,ALAMEDA,BERKELEY,-122.25563812255859,37.858177185058594
9613566,2023,2023-09-21,0103,2023-07-18,1443,112,,2,5,6,0103,0,0,0,,0,006,DANA,DWIGHT,0.00,,Y,A,-,N,,,,,,,,,,Y,2,0,1,1,C,-,18,,,N,E,I,A,A,H,-,A,A,0,,,,,Y,,-,"- ",1,0,0,0,0,0,0,0,0,"- ","- ",37.864830017089844,-122.26071929931641,ALAMEDA,BERKELEY,-122.26071929931641,37.864818572998047
9613567,2023,2023-09-08,0103,2023-07-17,1724,17,,1,5,6,0103,0,0,0,,0,007,"RT 13",COLLEGE,0.00,,Y,A,-,Y,ALA,4,13,-,-,11.230,I,5,N,Y,4,0,2,2,A,-,12,21453,A,N,D,C,A,A,-,-,A,A,0,,,,,Y,,D,22,0,0,2,0,0,0,0,0,0,"- ","- ",37.857040405273438,-122.25303649902344,ALAMEDA,BERKELEY,-122.25307464599609,37.857013702392578
9613569,2023,2023-09-05,0103,2023-07-10,1728,145,,1,5,6,0103,0,0,0,,0,004,UNIVERSITY,"MILVIA ST",0.00,,Y,A,-,N,,,,,,,,,,N,3,0,1,2,A,-,03,22350,,N,C,C,A,A,H,-,A,A,0,,,,,Y,,D,22,0,1,0,0,0,0,0,0,0,"- ","- ",37.871849060058594,-122.27072143554688,ALAMEDA,BERKELEY,-122.27075958251953,37.871902465820312
9613571,2023,2023-09-05,0103,2023-07-05,1834,144,,3,5,6,0103,0,0,0,,0,011,"5TH AV",DWIGHT,0.00,,Y,B,-,N,,,,,,,,,,Y,3,0,1,2,A,-,03,22350,,F,D,E,A,A,H,-,A,A,0,,,,,Y,Y,A,07,0,1,0,0,0,0,0,0,0,"- ","- ",,,ALAMEDA,BERKELEY,-122.29624938964844,37.859760284423828
9615121,2023,2023-08-30,0103,2023-07-24,1145,3,17,1,5,6,0103,0,0,0,,0,002,CEDAR,WALNUT,0.00,,Y,A,-,N,,,,,,,,,,N,3,0,1,2,A,-,09,21802,A,N,D,C,A,A,G,-,A,A,0,,,,,Y,,A,07,0,1,0,0,0,0,0,0,0,"- ","- ",37.878559112548828,-122.26799774169922,ALAMEDA,BERKELEY,-122.26796722412109,37.878559112548828
9615122,2023,2023-08-30,0103,2023-07-21,1655,23,31,5,5,6,0103,0,0,0,,0,005,ADDISON,WEST,0.00,,Y,A,-,N,,,,,,,,,,N,2,0,1,1,A,-,03,22350,,N,E,J,A,A,H,-,A,A,0,,Y,,,Y,,L,04,1,0,0,0,0,0,1,0,0,"- ","- ",,,ALAMEDA,BERKELEY,-122.28617858886719,37.868877410888672
9615123,2023,2023-08-30,0103,2023-07-19,1826,14,,3,5,6,0103,0,0,0,,0,010,ALCATRAZ,BAKER,0.00,,Y,A,-,N,,,,,,,,,,N,3,0,1,2,A,-,09,21801,A,F,A,G,A,-,H,-,A,D,0,,Y,,,Y,,A,01,0,1,0,0,0,0,1,0,0,"- ","- ",37.847660064697266,-122.27954864501953,ALAMEDA,BERKELEY,-122.27957153320312,37.847663879394531
9615124,2023,2023-09-15,0103,2023-07-15,2128,55,,6,5,6,0103,0,0,0,,0,001,VIRGINIA,"LA LOMA",0.00,,Y,A,-,N,,,,,,,,,,N,3,0,1,1,C,-,18,,,N,H,-,A,A,H,-,C,A,0,,,,,Y,,-,"- ",0,1,0,0,0,0,0,0,0,"- ","- ",37.878269195556641,-122.25714874267578,ALAMEDA,BERKELEY,-122.25714874267578,37.878292083740234
9615125,2023,2023-08-30,0103,2023-07-26,1055,107,36,3,5,6,0103,0,0,0,,0,007,COLLEGE,STUART,0.00,,Y,A,-,N,,,,,,,,,,N,3,0,1,1,A,-,03,22350,,N,E,I,A,A,H,-,A,A,0,,,,,Y,,M,94,0,1,0,0,0,0,0,0,0,"- ","- ",37.859981536865234,-122.25332641601562,ALAMEDA,BERKELEY,-122.25334167480469,37.860004425048828
9615126,2023,2023-08-30,0103,2023-07-25,1443,84,24,2,5,6,0103,0,0,0,,0,004,HEARST,"MARTIN LUTHER KING JR",0.00,,Y,A,-,N,,,,,,,,,,N,3,0,1,2,A,-,03,22350,,F,C,G,A,A,H,-,-,A,0,,Y,,,Y,,L,04,0,1,0,0,0,0,1,0,0,"- ","- ",37.873298645019531,-122.27320098876953,ALAMEDA,BERKELEY,-122.27320098876953,37.873332977294922
9615127,2023,2023-08-30,0103,2023-07-25,1035,107,29,2,5,6,0103,0,0,0,,0,005,"MARTIN LUTHER KING JR","HASTE ST",26.00,S,N,A,-,N,,,,,,,,,,N,3,0,1,2,A,-,08,22107,,N,B,G,A,A,H,-,A,A,0,,Y,,,Y,,L,04,0,1,0,0,0,0,1,0,0,"- ","- ",37.864261627197266,-122.27220916748047,ALAMEDA,BERKELEY,-122.27220153808594,37.864200592041016
9615128,2023,2023-08-30,0103,2023-07-17,1048,85,15,1,5,6,0103,0,0,0,,0,005,MILVIA,BANCROFT,0.00,,Y,A,-,N,,,,,,,,,,N,3,0,1,2,A,-,08,22107,,F,D,G,A,A,H,-,A,D,0,,Y,,,Y,Y,A,01,0,1,0,0,0,0,1,0,0,"- ","- ",37.867580413818359,-122.27187347412109,ALAMEDA,BERKELEY,-122.27027130126953,37.86724853515625
9615130,2023,2023-08-30,0103,2023-07-29,1418,,,6,5,6,0103,0,0,0,,0,001,SHASTA,"PARK GATE",0.00,,Y,A,-,N,,,,,,,,,,N,4,0,1,2,A,-,11,21954,A,F,C,B,E,-,H,-,A,D,0,Y,,,,Y,,N,60,0,0,1,0,1,0,0,0,0,"- ","- ",37.892879486083984,-122.25782775878906,ALAMEDA,BERKELEY,-122.25190734863281,37.890964508056641
9615131,2023,2023-08-30,0103,2023-07-28,1654,69,,5,5,6,0103,0,0,0,,0,003,STANNAGE,GILMAN,0.00,,Y,A,-,N,,,,,,,,,,N,3,0,1,2,A,-,10,21950,A,N,G,B,B,A,H,-,A,D,0,Y,,,,Y,,A,01,0,1,0,0,1,0,0,0,0,"- ","- ",37.880828857421875,-122.29405212402344,ALAMEDA,BERKELEY,-122.29403686523438,37.880847930908203
9615132,2023,2023-08-30,0103,2023-07-28,1640,15,,5,5,6,0103,0,0,0,,0,003,UNIVERSITY,"ACTON ST",50.00,E,N,A,-,N,,,,,,,,,,N,3,0,2,3,A,-,03,22350,,N,C,C,A,A,H,-,A,A,0,,,,,Y,,A,07,0,1,1,0,0,0,0,0,0,"- ","- ",37.870651245117188,-122.28334045410156,ALAMEDA,BERKELEY,-122.28408813476562,37.870201110839844
9615133,2023,2023-08-30,0103,2023-07-30,1709,4,20,7,5,6,0103,0,0,0,,0,011,POTTER,BAY,0.00,,Y,A,-,N,,,,,,,,,,Y,3,0,1,2,A,-,01,23152,A,N,A,C,A,A,H,-,A,D,0,,,,,Y,Y,A,01,0,1,0,0,0,0,0,0,0,"- ","- ",37.850479125976562,-122.29612731933594,ALAMEDA,BERKELEY,-122.29608917236328,37.850498199462891
9615140,2023,2023-08-30,0103,2023-07-15,1100,57,38,6,5,6,0103,0,0,0,,0,007,CLAREMONT,"WEBSTER ST",25.00,S,N,A,-,N,,,,,,,,,,N,3,0,1,1,A,-,03,22350,,N,H,I,A,A,B,-,A,D,0,,Y,,,Y,,L,04,0,1,0,0,0,0,1,0,0,"- ","- ",37.856128692626953,-122.24687194824219,ALAMEDA,BERKELEY,-122.24689483642578,37.856113433837891
9615145,2023,2023-08-30,0103,2023-07-01,1017,150,,6,5,6,0103,0,0,0,,0,002,COLUSA,"VISALIA AV",91.00,S,N,A,-,N,,,,,,,,,,Y,4,0,1,2,A,-,03,22350,,N,C,C,A,A,H,-,A,D,0,,,,,Y,,A,01,0,0,1,0,0,0,0,0,0,"- ","- ",37.898410797119141,-122.28563690185547,ALAMEDA,BERKELEY,-122.28557586669922,37.898174285888672
9615149,2023,2023-10-04,0103,2023-07-11,2040,S29,24,2,5,6,0103,0,0,0,,0,002,OXFORD,VIRGINIA,0.00,,Y,A,-,N,,,,,,,,,,Y,2,0,2,4,A,-,12,22450,A,F,D,C,A,A,H,-,B,A,0,,,Y,,Y,,A,01,1,1,0,0,0,0,0,0,1,"- ","- ",,,ALAMEDA,BERKELEY,-122.26666259765625,37.876869201660156
9615150,2023,2023-08-30,0103,2023-07-10,1215,119,,1,5,6,0103,0,0,0,,0,008,TELEGRAPH,PARKER,0.00,,Y,A,-,N,,,,,,,,,,N,3,0,1,2,A,-,09,21802,A,N,D,C,A,A,H,-,A,D,0,,,,,Y,,A,01,0,1,0,0,0,0,0,0,0,"- ","- ",37.863258361816406,-122.25868988037109,ALAMEDA,BERKELEY,-122.25871276855469,37.863235473632812
9615151,2023,2023-10-09,0103,2023-07-04,2133,90,,2,5,6,0103,0,0,0,,0,011,"7TH AV","ASHBY AV",10.00,S,N,A,-,N,,,,,,,,,,Y,2,0,1,3,A,-,09,21453,B,N,D,C,A,A,H,-,C,A,0,,,Y,,Y,,A,01,1,0,0,0,0,0,0,0,1,"- ","- ",37.851009368896484,-122.29109954833984,ALAMEDA,BERKELEY,-122.29109954833984,37.850994110107422
9615152,2023,2023-08-30,0103,2023-07-01,1623,6,4001,6,5,6,0103,0,0,0,,0,009,ADELINE,"FAIRVIEW ST",0.00,,Y,A,-,N,,,,,,,,,,N,3,0,1,1,A,-,03,22350,,N,F,I,A,A,H,-,A,A,0,,Y,,,Y,,L,04,0,1,0,0,0,0,1,0,0,"- ","- ",37.850189208984375,-122.27131652832031,ALAMEDA,BERKELEY,-122.27077484130859,37.850677490234375
9615153,2023,2023-08-30,0103,2023-07-14,"955 ",28,,5,5,6,0103,0,0,0,,0,001,"SAN LUIS",AVIS,0.00,,Y,A,-,N,,,,,,,,,,N,3,0,1,2,A,-,21,22106,,N,G,B,D,A,H,-,A,A,0,Y,,,,Y,,A,01,0,1,0,0,1,0,0,0,0,"- ","- ",37.900630950927734,-122.27601623535156,ALAMEDA,BERKELEY,-122.27629089355469,37.900539398193359
9615154,2023,2023-08-30,0103,2023-07-13,1422,112,,4,5,6,0103,0,0,0,,0,001,SOLANO,COLUSA,0.00,,Y,A,-,N,,,,,,,,,,N,3,0,1,2,A,-,08,22107,,N,D,C,A,A,H,-,A,A,0,,,Y,,Y,,A,07,0,1,0,0,0,0,0,0,1,"- ","- ",37.891349792480469,-122.27986145019531,ALAMEDA,BERKELEY,-122.27984619140625,37.891342163085938
9615155,2023,2023-10-06,0103,2023-07-12,1820,75,,3,5,6,0103,0,0,0,,0,009,ALCATRAZ,ELLIS,0.00,,Y,A,-,N,,,,,,,,,,N,3,0,1,2,A,-,10,21950,A,N,G,B,B,A,H,-,A,D,0,Y,,,,Y,,A,01,0,1,0,0,1,0,0,0,0,"- ","- ",,,ALAMEDA,BERKELEY,-122.27262115478516,37.848583221435547
9615156,2023,2023-08-30,0103,2023-07-12,1707,107,,3,5,6,0103,0,0,0,,0,005,ALLSTON,BROWNING,0.00,,Y,A,-,N,,,,,,,,,,Y,3,0,2,2,A,-,09,21802,A,N,D,C,A,A,H,-,A,A,0,,,,,Y,,A,07,0,2,0,0,0,0,0,0,0,"- ","- ",37.8668212890625,-122.28794860839844,ALAMEDA,BERKELEY,-122.28795623779297,37.866832733154297
9615158,2023,2023-08-30,0103,2023-07-15,1707,15,,6,5,6,0103,0,0,0,,0,011,DWIGHT,9TH,0.00,,Y,A,-,N,,,,,,,,,,N,3,0,1,2,A,-,12,22450,A,N,D,G,A,A,H,-,A,A,0,,Y,,,Y,,L,04,0,1,0,0,0,0,1,0,0,"- ","- ",37.860538482666016,-122.29141998291016,ALAMEDA,BERKELEY,-122.29183197021484,37.860649108886719
9615159,2023,2023-08-30,0103,2023-07-14,1105,112,,5,5,6,0103,0,0,0,,0,008,WEBSTER,"COLBY ST",115.00,W,N,A,-,N,,,,,,,,,,N,4,0,1,2,A,-,03,22350,,F,C,C,A,A,H,-,A,A,0,,,,,Y,,A,01,0,0,1,0,0,0,0,0,0,"- ","- ",37.855190277099609,-122.25826263427734,ALAMEDA,BERKELEY,-122.25820159912109,37.855392456054688
9615176,2023,2023-08-30,0103,2023-07-15,"256 ",29,17,6,5,6,0103,0,0,0,,0,002,"MARTIN LUTHER KING JR","VINE ST",252.00,N,N,A,-,N,,,,,,,,,,Y,3,0,1,4,A,-,07,21658,A,N,D,E,A,A,H,-,C,D,0,,,,,Y,,A,01,0,1,0,0,0,0,0,0,0,"- ","- ",37.880031585693359,-122.27368927001953,ALAMEDA,BERKELEY,-122.27397155761719,37.880321502685547
9615183,2023,2023-08-30,0103,2023-07-16,2112,23,31,7,5,6,0103,0,0,0,,0,005,BANCROFT,BONAR,0.00,,Y,A,-,N,,,,,,,,,,N,2,0,1,2,A,-,12,22450,A,N,D,G,A,A,H,-,C,A,0,,Y,,,Y,Y,L,04,1,0,0,0,0,0,1,0,0,"- ","- ",37.865161895751953,-122.28656005859375,ALAMEDA,BERKELEY,-122.28656768798828,37.865161895751953
9615239,2023,2023-09-11,0103,2023-07-20,"633 ",160,31,4,5,6,0103,0,0,0,,0,005,"ACTON ST","CHANNING WY",130.00,S,N,A,-,N,,,,,,,,,,N,3,0,1,1,C,-,18,,,N,H,I,A,A,H,-,A,D,0,,Y,,,Y,,-,"- ",0,1,0,0,0,0,1,0,0,"- ","- ",37.863319396972656,-122.28298950195312,ALAMEDA,BERKELEY,-122.28321838378906,37.863395690917969
9617447,2023,2023-09-11,0103,2023-07-28,2001,80,31,5,5,6,0103,0,0,0,,0,005,"BONAR ST","ALLSTON ST",0.00,,Y,A,-,N,,,,,,,,,,N,3,0,1,2,A,-,03,22350,,F,A,C,A,A,H,-,A,D,0,,,,,Y,,A,01,0,1,0,0,0,0,0,0,0,"- ","- ",37.866100311279297,-122.28650665283203,ALAMEDA,BERKELEY,-122.28692626953125,37.866950988769531
9617451,2023,2023-09-08,0103,2023-07-30,2126,120,29,7,5,6,0103,0,0,0,,0,004,ALLSTON,"SHATTUCK AV",170.00,E,N,A,-,N,,,,,,,,,,N,3,0,1,2,A,-,03,22350,,F,A,C,A,A,H,-,C,D,0,,,,,Y,Y,A,01,0,1,0,0,0,0,0,0,0,"- ","- ",37.865169525146484,-122.27230834960938,ALAMEDA,BERKELEY,-122.26744079589844,37.869464874267578
9618020,2023,2023-11-08,0103,2023-08-10,1524,S29,,4,5,6,0103,0,0,0,,0,002,"MARTIN LUTHER KING JR WY",DELAWARE,0.00,,Y,A,-,N,,,,,,,,,,Y,3,0,1,2,A,-,09,21802,A,N,D,C,A,A,H,-,A,A,0,,,,,Y,,A,01,0,1,0,0,0,0,0,0,0,"- ","- ",,,ALAMEDA,BERKELEY,-122.27330017089844,37.874214172363281
9618104,2023,2023-11-14,0103,2023-09-12,1752,144,,2,5,6,0103,0,0,0,,0,007,"HASTE ST","COLLEGE AV",500.00,W,N,A,-,N,,,,,,,,,,N,3,0,1,2,A,-,08,22107,,N,D,G,A,A,H,-,A,D,0,,Y,,,Y,,A,01,0,1,0,0,0,0,1,0,0,"- ","- ",,,ALAMEDA,BERKELEY,-122.25582122802734,37.866397857666016