CASE_ID,ACCIDENT_YEAR,PROC_DATE,JURIS,COLLISION_DATE,COLLISION_TIME,OFFICER_ID,REPORTING_DISTRICT,DAY_OF_WEEK,CHP_SHIFT,POPULATION,CNTY_CITY_LOC,SPECIAL_COND,BEAT_TYPE,CHP_BEAT_TYPE,CITY_DIVISION_LAPD,CHP_BEAT_CLASS,BEAT_NUMBER,PRIMARY_RD,SECONDARY_RD,DISTANCE,DIRECTION,INTERSECTION,WEATHER_1,WEATHER_2,STATE_HWY_IND,CALTRANS_COUNTY,CALTRANS_DISTRICT,STATE_ROUTE,ROUTE_SUFFIX,POSTMILE_PREFIX,POSTMILE,LOCATION_TYPE,RAMP_INTERSECTION,SIDE_OF_HWY,TOW_AWAY,COLLISION_SEVERITY,NUMBER_KILLED,NUMBER_INJURED,PARTY_COUNT,PRIMARY_COLL_FACTOR,PCF_CODE_OF_VIOL,PCF_VIOL_CATEGORY,PCF_VIOLATION,PCF_VIOL_SUBSECTION,HIT_AND_RUN,TYPE_OF_COLLISION,MVIW,PED_ACTION,ROAD_SURFACE,ROAD_COND_1,ROAD_COND_2,LIGHTING,CONTROL_DEVICE,CHP_ROAD_TYPE,PEDESTRIAN_ACCIDENT,BICYCLE_ACCIDENT,MOTORCYCLE_ACCIDENT,TRUCK_ACCIDENT,NOT_PRIVATE_PROPERTY,ALCOHOL_INVOLVED,STWD_VEHTYPE_AT_FAULT,CHP_VEHTYPE_AT_FAULT,COUNT_SEVERE_INJ,COUNT_VISIBLE_INJ,COUNT_COMPLAINT_PAIN,COUNT_PED_KILLED,COUNT_PED_INJURED,COUNT_BICYCLIST_KILLED,COUNT_BICYCLIST_INJURED,COUNT_MC_KILLED,COUNT_MC_INJURED,PRIMARY_RAMP,SECONDARY_RAMP,LATITUDE,LONGITUDE,COUNTY,CITY,POINT_X,POINT_Y
9628367,2023,2023-11-07,0103,2023-08-18,1547,124,33,5,5,6,0103,0,0,0,,0,011,ASHBY,ACTON,0.00,,Y,A,-,Y,ALA,4,13,-,-,12.910,H,-,N,N,3,0,1,2,A,-,03,22350,,F,C,C,A,A,H,-,A,D,0,,,,,Y,,A,07,0,1,0,0,0,0,0,0,0,"- ","- ",37.853408813476562,-122.28186798095703,ALAMEDA,BERKELEY,-122.28174591064453,37.853153228759766
9628371,2023,2023-11-07,0103,2023-08-20,"510 ",124,20,7,5,6,0103,0,0,0,,0,011,"ASHBY AV","MABEL ST",345.00,W,-,A,-,Y,ALA,4,13,-,-,13.090,H,-,S,Y,3,0,1,2,A,-,03,22350,,N,C,E,A,A,H,-,C,D,0,,,,,Y,,A,07,0,1,0,0,0,0,0,0,0,"- ","- ",37.852268218994141,-122.285888671875,ALAMEDA,BERKELEY,-122.28501892089844,37.852497100830078
9628375,2023,2023-10-28,0103,2023-08-22,1638,33,,2,5,6,0103,0,0,0,,0,012,8TH,UNIVERSITY,0.00,,Y,A,-,N,,,,,,,,,,Y,3,0,1,2,A,-,09,21802,A,F,D,C,A,A,H,-,A,A,0,,,,,Y,,A,01,0,1,0,0,0,0,0,0,0,"- ","- ",37.868419647216797,-122.29551696777344,ALAMEDA,BERKELEY,-122.29553985595703,37.868473052978516
9628379,2023,2023-11-07,0103,2023-08-20,1127,124,20,7,5,6,0103,0,0,0,,0,011,"SAN PABLO",ASHBY,0.00,,Y,A,-,Y,ALA,4,13,-,-,13.180,I,5,S,Y,3,0,3,2,A,-,12,21453,A,N,A,C,A,A,H,-,A,A,0,,,,,Y,,A,07,0,3,0,0,0,0,0,0,0,"- ","- ",37.852138519287109,-122.28668212890625,ALAMEDA,BERKELEY,-122.28667449951172,37.852169036865234
9628383,2023,2023-11-07,0103,2023-08-25,"314 ",32,,5,5,6,0103,0,0,0,,0,014,"RT 123","GILMAN ST",0.00,,Y,A,-,Y,ALA,4,123,-,-,3.940,H,-,N,Y,4,0,1,2,A,-,03,22350,,N,D,E,A,-,H,-,C,D,0,,,,,Y,,A,01,0,0,1,0,0,0,0,0,0,"- ","- ",37.880470275878906,-122.29579925537109,ALAMEDA,BERKELEY,-122.29563140869141,37.87994384765625
9629042,2023,2023-10-20,0103,2023-08-31,1134,108,,4,5,6,0103,0,0,0,,0,004,CENTER,"SHATTUCK AV",0.00,,Y,A,-,N,,,,,,,,,,N,3,0,1,2,A,-,05,21650,1,N,D,C,A,A,H,-,-,A,0,,Y,,,Y,,M,91,0,1,0,0,0,0,1,0,0,"- ","- ",37.87030029296875,-122.26804351806641,ALAMEDA,BERKELEY,-122.26805114746094,37.870315551757812
9629045,2023,2023-10-19,0103,2023-08-28,1603,160,17,1,5,6,0103,0,0,0,,0,006,DURANT,"BOWDITCH ST",100.00,W,N,A,-,N,,,,,,,,,,,3,0,1,2,A,-,03,22350,,F,C,C,A,A,H,-,A,D,0,,,,,Y,,A,01,0,1,0,0,0,0,0,0,0,"- ","- ",37.868301391601562,-122.25715637207031,ALAMEDA,BERKELEY,-122.25704956054688,37.868064880371094
9629046,2023,2023-10-20,0103,2023-08-23,1551,S29,17,3,5,6,0103,0,0,0,,0,002,"HENRY ST","BERRYMAN ST",0.00,,Y,A,-,N,,,,,,,,,,N,3,0,1,2,A,-,03,22350,,N,C,G,A,A,-,-,-,D,0,,Y,,,Y,,L,04,0,1,0,0,0,0,1,0,0,"- ","- ",,,ALAMEDA,BERKELEY,-122.27106475830078,37.883636474609375
9629048,2023,2023-10-20,0103,2023-08-21,1704,108,,1,5,6,0103,0,0,0,,0,005,"BONAR ST","ALLSTON WY",100.00,N,N,A,-,N,,,,,,,,,,N,3,0,1,2,A,-,17,22517,,N,D,G,A,A,H,-,A,D,0,,Y,,,Y,,D,22,0,1,0,0,0,0,1,0,0,"- ","- ",37.867519378662109,-122.28727722167969,ALAMEDA,BERKELEY,-122.2869873046875,37.867221832275391
9629049,2023,2023-10-20,0103,2023-08-11,2004,7,,5,5,6,0103,0,0,0,,0,011,"7TH ST","POTTER ST",0.00,,Y,A,-,N,,,,,,,,,,Y,3,0,1,2,A,-,01,23152,A,N,A,C,A,A,H,-,C,A,0,,,,,Y,Y,D,22,0,1,0,0,0,0,0,0,0,"- ","- ",,,ALAMEDA,BERKELEY,-122.29123687744141,37.851535797119141
9629050,2023,2023-10-20,0103,2023-08-11,"936 ",121,,5,5,6,0103,0,0,0,,0,009,"ADELINE ST","OREGON ST",168.00,S,N,A,-,N,,,,,,,,,,N,3,0,1,2,A,-,03,22350,,N,D,G,A,A,H,-,A,A,0,,Y,,,Y,,L,04,0,1,0,0,0,0,1,0,0,"- ","- ",37.857089996337891,-122.26744079589844,ALAMEDA,BERKELEY,-122.26844024658203,37.856979370117188
9629051,2023,2023-10-20,0103,2023-08-08,1252,146,29,2,5,6,0103,0,0,0,,0,005,"MARTIN LUTHER KING JR","BLAKE ST",0.00,,Y,A,-,N,,,,,,,,,,Y,4,0,2,2,A,-,09,21801,A,N,D,C,A,A,H,-,A,D,0,,,,,Y,,A,01,0,0,2,0,0,0,0,0,0,"- ","- ",37.862449645996094,-122.27200317382812,ALAMEDA,BERKELEY,-122.27201080322266,37.862442016601562
9629204,2023,2023-11-27,0103,2023-09-05,"453 ",70,,2,5,6,0103,0,0,0,,0,007,ASHBY,COLLEGE,0.00,,Y,A,-,Y,ALA,4,13,-,-,11.230,I,5,N,N,4,0,1,2,A,-,12,21453,A,N,D,C,A,A,H,-,C,A,0,,,,,Y,,D,22,0,0,1,0,0,0,0,0,0,"- ","- ",37.857040405273438,-122.25303649902344,ALAMEDA,BERKELEY,-122.25307464599609,37.857013702392578
9629220,2023,2023-11-07,0103,2023-09-15,1607,149,38,5,5,6,0103,0,0,0,,0,007,"CLAREMONT AV","CLAREMONT CRES",0.00,,Y,A,-,N,,,,,,,,,,Y,3,0,2,4,A,-,09,21801,A,N,D,C,A,A,H,-,A,D,0,,,,,Y,,A,01,0,2,0,0,0,0,0,0,0,"- ","- ",37.857391357421875,-122.24485015869141,ALAMEDA,BERKELEY,-122.24600219726562,37.857212066650391
9629224,2023,2023-11-06,0103,2023-09-22,1609,42,,5,5,6,0103,0,0,0,,0,002,"HOPKINS ST","JOSEPHINE ST",0.00,,Y,A,-,N,,,,,,,,,,N,3,0,1,2,A,-,10,21950,A,N,G,B,B,A,H,-,A,D,0,Y,,,,Y,,D,22,0,1,0,0,1,0,0,0,0,"- ","- ",37.884811401367188,-122.27564239501953,ALAMEDA,BERKELEY,-122.27585601806641,37.884708404541016
9629228,2023,2023-11-01,0103,2023-09-25,"949 ",S29,37,1,5,6,0103,0,0,0,,0,007,"TANGLEWOOD RD","CLAREMONT AV",431.00,N,N,A,-,N,,,,,,,,,,N,3,0,1,2,A,-,11,21954,A,N,G,B,E,A,H,-,-,D,0,Y,,,Y,Y,,N,60,0,1,0,0,1,0,0,0,0,"- ","- ",37.861518859863281,-122.24506378173828,ALAMEDA,BERKELEY,-122.24421691894531,37.860671997070312
9629232,2023,2023-11-06,0103,2023-09-26,"537 ",124,35,2,5,6,0103,0,0,0,,0,009,"RUSSELL ST","ADELINE ST",0.00,,Y,C,-,N,,,,,,,,,,N,3,0,1,2,A,-,08,22107,,N,B,C,A,B,H,-,C,D,0,,,,,Y,,D,22,0,1,0,0,0,0,0,0,0,"- ","- ",37.857089996337891,-122.26744079589844,ALAMEDA,BERKELEY,-122.26863861083984,37.856456756591797
9629236,2023,2023-11-06,0103,2023-09-27,1828,112,,3,5,6,0103,0,0,0,,0,008,"ADELINE ST","OREGON ST",100.00,S,N,A,-,N,,,,,,,,,,N,2,0,1,2,A,-,08,22107,,N,B,-,A,A,H,-,A,A,0,,Y,,,Y,,D,22,1,0,0,0,0,0,1,0,0,"- ","- ",37.857460021972656,-122.26808929443359,ALAMEDA,BERKELEY,-122.26837158203125,37.857158660888672
9629362,2023,2023-10-20,0103,2023-08-31,1930,80,26,4,5,6,0103,0,0,0,,0,001,"HEARST AV","OXFORD ST",0.00,,Y,A,-,N,,,,,,,,,,N,3,0,1,2,A,-,08,22107,,N,D,G,A,A,H,-,B,A,0,,Y,,,Y,,A,01,0,1,0,0,0,0,1,0,0,"- ","- ",37.874149322509766,-122.26628875732422,ALAMEDA,BERKELEY,-122.26634979248047,37.874160766601562
9629363,2023,2023-10-20,0103,2023-08-31,1639,160,,4,5,6,0103,0,0,0,,0,010,UNIVERSITY,CALIFORNIA,0.00,,Y,A,-,N,,,,,,,,,,Y,3,0,4,2,A,-,09,21801,A,N,D,C,A,A,H,-,A,A,0,,,,,Y,,A,01,0,4,0,0,0,0,0,0,0,"- ","- ",37.870681762695312,-122.27976989746094,ALAMEDA,BERKELEY,-122.27976226806641,37.870750427246094
9629364,2023,2023-10-20,0103,2023-08-31,1530,SAHOTA,22,4,5,6,0103,0,0,0,,0,003,ACTON,BERKELEY,0.00,,Y,A,-,N,,,,,,,,,,N,2,0,1,2,A,-,12,22450,A,N,H,G,A,A,H,-,A,A,0,,Y,,,Y,,L,04,1,0,0,0,0,0,1,0,0,"- ","- ",37.870880126953125,-122.28437042236328,ALAMEDA,BERKELEY,-122.28437805175781,37.870891571044922
9629365,2023,2023-10-20,0103,2023-08-31,1259,42,,4,5,6,0103,0,0,0,,0,003,UNIVERSITY,"GRANT ST",20.00,W,N,A,-,N,,,,,,,,,,N,3,0,1,2,A,-,17,22517,,N,H,G,A,A,H,-,A,D,0,,Y,,,Y,,A,01,0,1,0,0,0,0,1,0,0,"- ","- ",37.870960235595703,-122.27543640136719,ALAMEDA,BERKELEY,-122.27534484863281,37.871318817138672
9629366,2023,2023-10-20,0103,2023-08-29,1839,144,,2,5,6,0103,0,0,0,,0,001,"THE ALAMEDA",CAPISTRANO,35.00,W,N,A,-,N,,,,,,,,,,Y,2,0,1,1,A,-,03,22350,,N,F,I,A,A,H,-,A,D,0,,,,,Y,,A,01,1,0,0,0,0,0,0,0,0,"- ","- ",,,ALAMEDA,BERKELEY,-122.27804565429688,37.895298004150391
9629367,2023,2023-10-20,0103,2023-08-29,1642,112,,2,5,6,0103,0,0,0,,0,009,"WOOLSEY ST","ADELINE AV",60.00,E,N,A,-,N,,,,,,,,,,Y,2,0,3,2,A,-,05,21460,A,N,A,C,A,A,H,-,A,A,0,,,,,Y,,A,07,1,2,0,0,0,0,0,0,0,"- ","- ",37.851940155029297,-122.27010345458984,ALAMEDA,BERKELEY,-122.26995086669922,37.851951599121094
9629368,2023,2023-10-20,0103,2023-08-29,"847 ",37,,2,5,6,0103,0,0,0,,0,005,BLAKE,"MARTIN LUTHER KING JR WY",0.00,,Y,A,-,N,,,,,,,,,,N,3,0,1,2,A,-,17,21663,,N,D,G,A,A,H,-,A,A,0,,Y,,,Y,,L,04,0,1,0,0,0,0,1,0,0,"- ","- ",37.862449645996094,-122.27200317382812,ALAMEDA,BERKELEY,-122.27201080322266,37.862442016601562
9629369,2023,2023-10-20,0103,2023-08-28,"909 ",112,,1,5,6,0103,0,0,0,,0,005,"CHANNING WY","SACRAMENTO ST",0.00,,Y,A,-,N,,,,,,,,,,N,3,0,1,2,A,-,09,21800,A,N,D,G,A,A,H,-,A,A,0,,Y,,,Y,,L,04,0,1,0,0,0,0,1,0,0,"- ","- ",37.863998413085938,-122.28128814697266,ALAMEDA,BERKELEY,-122.28138732910156,37.863990783691406
9629370,2023,2023-10-20,0103,2023-08-23,1540,108,,3,5,6,0103,0,0,0,,0,005,KITTREDGE,MILVIA,0.00,,Y,A,-,N,,,,,,,,,,N,3,0,1,2,A,-,12,22450,A,N,D,G,A,-,H,-,A,D,0,,Y,,,Y,,L,04,0,1,0,0,0,0,1,0,0,"- ","- ",37.868160247802734,-122.27034759521484,ALAMEDA,BERKELEY,-122.27037048339844,37.868137359619141
9629371,2023,2023-10-20,0103,2023-08-22,1815,144,,2,5,6,0103,0,0,0,,0,011,"FOLGER AV","EMERYVILLE GREENWAY",0.00,,Y,A,-,N,,,,,,,,,,N,2,0,1,2,A,-,09,21804,A,N,D,G,A,-,H,-,A,D,0,,Y,,,Y,,L,04,1,0,0,0,0,0,1,0,0,"- ","- ",,,ALAMEDA,BERKELEY,-122.288741,37.850465999999997
9629372,2023,2023-10-20,0103,2023-08-22,"557 ",112,,2,5,6,0103,0,0,0,,0,002,HIGHLAND,"HEARST AV",80.00,N,N,A,-,N,,,,,,,,,,Y,3,0,1,1,B,-,22,,,N,E,I,A,A,H,-,A,D,0,,,,,Y,,A,01,0,1,0,0,0,0,0,0,0,"- ","- ",37.875679016113281,-122.25566101074219,ALAMEDA,BERKELEY,-122.25580596923828,37.875877380371094
9629373,2023,2023-10-20,0103,2023-08-20,1650,61,35,7,5,6,0103,0,0,0,,0,005,"MARTIN LUTHER KING JR WY",BLAKE,0.00,,Y,A,-,N,,,,,,,,,,Y,3,0,1,2,A,-,09,21802,A,N,D,D,A,A,H,-,A,D,0,,,,,Y,,A,07,0,1,0,0,0,0,0,0,0,"- ","- ",37.862449645996094,-122.27200317382812,ALAMEDA,BERKELEY,-122.27201080322266,37.862442016601562
9629374,2023,2023-10-20,0103,2023-08-18,2252,52,,5,5,6,0103,0,0,0,,0,006,"BANCROFT WY","BANCROFT WY 2432",0.00,,N,A,-,N,,,,,,,,,,,2,0,1,2,A,-,11,21950,B,F,G,B,E,A,H,-,C,D,0,Y,,,,Y,Y,N,60,1,0,0,0,1,0,0,0,0,"- ","- ",37.868171691894531,-122.26120758056641,ALAMEDA,BERKELEY,-122.24303436279297,37.869678497314453
9629375,2023,2023-10-20,0103,2023-08-18,1029,107,20,5,5,6,0103,0,0,0,,0,013,6TH,"GILMAN ST",315.00,S,N,A,-,N,,,,,,,,,,Y,3,0,1,2,A,-,09,21801,,N,D,C,A,-,H,-,A,A,0,,,,,Y,,A,01,0,1,0,0,0,0,0,0,0,"- ","- ",37.879371643066406,-122.30129241943359,ALAMEDA,BERKELEY,-122.30107879638672,37.878520965576172
9629376,2023,2023-10-20,0103,2023-08-18,"740 ",107,11,5,5,6,0103,0,0,0,,0,001,"GRIZZLY PEAK","KEELER AV",210.00,S,N,A,-,N,,,,,,,,,,N,3,0,1,2,A,-,09,21804,A,N,D,G,A,-,H,-,A,A,0,,Y,,,Y,,A,07,0,1,0,0,0,0,1,0,0,"- ","- ",37.899341583251953,-122.26416778564453,ALAMEDA,BERKELEY,-122.26447296142578,37.899116516113281
9629441,2023,2023-10-26,0103,2023-09-15,2200,26,,5,5,6,0103,0,0,0,,0,014,"GILMAN AV","EASTSHOREN HWY",0.00,,Y,A,-,N,,,,,,,,,,N,3,0,1,1,A,-,08,22107,,N,E,J,A,A,H,-,C,A,0,,,,,Y,,A,01,0,1,0,0,0,0,0,0,0,"- ","- ",37.878299713134766,-122.30657196044922,ALAMEDA,BERKELEY,-122.30648040771484,37.878326416015625
9629501,2023,2023-10-25,0103,2023-08-06,1755,69,23,7,5,6,0103,0,0,0,,0,003,"CALIFORNIA ST","UNIVERSITY AV",0.00,,Y,A,-,N,,,,,,,,,,N,2,0,1,1,A,-,03,22350,,N,E,I,A,A,H,-,A,A,0,,Y,,,Y,,L,04,1,0,0,0,0,0,1,0,0,"- ","- ",37.870681762695312,-122.27976989746094,ALAMEDA,BERKELEY,-122.27976226806641,37.870750427246094
9629502,2023,2023-10-25,0103,2023-08-18,"640 ",107,13,5,5,6,0103,0,0,0,,0,002,"MONTEREY AV","COLUSA AV",157.00,W,N,A,-,N,,,,,,,,,,N,3,0,1,2,A,-,09,21800,A,N,B,G,A,-,H,-,B,A,0,,Y,,,Y,,A,01,0,1,0,0,0,0,1,0,0,"- ","- ",37.887081146240234,-122.27921295166016,ALAMEDA,BERKELEY,-122.27951812744141,37.886589050292969
9629503,2023,2023-10-25,0103,2023-08-18,"128 ",32,,5,5,6,0103,0,0,0,,0,006,"SHATTUCK AV","DURANT AV",0.00,,Y,A,-,N,,,,,,,,,,Y,3,0,1,1,A,-,03,22350,,N,E,I,A,A,H,-,C,A,0,,,,,Y,,A,01,0,1,0,0,0,0,0,0,0,"- ","- ",37.866691589355469,-122.26767730712891,ALAMEDA,BERKELEY,-122.26773071289062,37.866691589355469
9629504,2023,2023-10-25,0103,2023-08-17,1641,160,31,4,5,6,0103,0,0,0,,0,009,"ALCATRAZ AV","ADELINE ST",0.00,,Y,A,-,N,,,,,,,,,,N,3,0,1,2,A,-,03,22350,,N,C,C,A,A,H,-,A,A,0,,,,,Y,,A,01,0,1,0,0,0,0,0,0,0,"- ","- ",37.848751068115234,-122.27144622802734,ALAMEDA,BERKELEY,-122.27153015136719,37.848724365234375
9629505,2023,2023-10-25,0103,2023-08-10,2135,46,,4,5,6,0103,0,0,0,,0,003,"UNIVERSITY AV","ACTON ST",0.00,,Y,A,-,N,,,,,,,,,,N,2,0,1,2,A,-,10,21950,A,N,G,B,B,-,H,-,C,A,0,Y,Y,,,Y,Y,L,04,1,0,0,0,0,0,1,0,0,"- ","- ",37.870109558105469,-122.28424835205078,ALAMEDA,BERKELEY,-122.28426361083984,37.870182037353516
9629506,2023,2023-10-25,0103,2023-08-10,1405,84,24,4,5,6,0103,0,0,0,,0,003,"UNIVERSITY AV","UNIVERSITY AV 1885",0.00,,N,A,-,N,,,,,,,,,,N,3,0,1,2,A,-,03,22350,,N,G,B,C,A,G,-,A,D,0,Y,,,,Y,,A,01,0,1,0,0,1,0,0,0,0,"- ","- ",37.871528625488281,-122.27340698242188,ALAMEDA,BERKELEY,-122.273374,37.871572
9629507,2023,2023-10-25,0103,2023-08-09,"904 ",146,22,3,5,6,0103,0,0,0,,0,014,"CHESTNUT ST","FRANCISCO ST",0.00,,Y,A,-,N,,,,,,,,,,N,4,0,1,2,A,-,12,22450,A,N,D,G,A,A,H,-,A,A,0,,Y,,,Y,,L,04,0,0,1,0,0,0,1,0,0,"- ","- ",37.873199462890625,-122.28843688964844,ALAMEDA,BERKELEY,-122.28845977783203,37.873188018798828
9629508,2023,2023-10-25,0103,2023-08-06,2134,7,22,7,5,6,0103,0,0,0,,0,003,"UNIVERSITY AV","ACTON ST",0.00,,Y,A,-,N,,,,,,,,,,Y,3,0,1,3,A,-,01,23153,A,N,C,C,A,A,H,-,C,A,0,,,,,Y,Y,A,01,0,1,0,0,0,0,0,0,0,"- ","- ",37.870128631591797,-122.28424835205078,ALAMEDA,BERKELEY,-122.28426361083984,37.870182037353516
9629512,2023,2023-10-25,0103,2023-08-04,1600,56,,5,5,6,0103,0,0,0,,0,001,"COLUSA AV","THOUSAND OAKS BL",0.00,,Y,A,-,N,,,,,,,,,,N,3,0,1,2,A,-,12,22450,A,N,D,G,A,A,H,-,A,A,0,,Y,,,Y,,L,04,0,1,0,0,0,0,1,0,0,"- ","- ",37.896541595458984,-122.28523254394531,ALAMEDA,BERKELEY,-122.28520965576172,37.896514892578125
9629580,2023,2023-10-31,0103,2023-08-03,"852 ",112,,4,5,6,0103,0,0,0,,0,007,HILLEGASS,"STUART ST",108.00,N,N,B,-,N,,,,,,,,,,N,2,0,1,1,A,-,03,22350,,N,E,I,A,A,H,-,A,A,0,,,,,Y,,M,94,1,0,0,0,0,0,0,0,0,"- ","- ",37.860118865966797,-122.25611877441406,ALAMEDA,BERKELEY,-122.25580596923828,37.860137939453125
9629584,2023,2023-11-02,0103,2023-08-03,1340,85,13,4,5,6,0103,0,0,0,,0,005,"MARTIN LUTHER KING JR","CENTER AV",0.00,,Y,A,-,N,,,,,,,,,,Y,4,0,1,2,A,-,08,22107,,N,A,C,A,A,H,-,A,A,0,,,,,Y,,A,01,0,0,1,0,0,0,0,0,0,"- ","- ",37.86968994140625,-122.27279663085938,ALAMEDA,BERKELEY,-122.27279663085938,37.869659423828125
9629681,2023,2023-11-07,0103,2023-09-13,1450,S29,,3,5,6,0103,0,0,0,,0,005,DWIGHT,SHATTUCK,0.00,,Y,A,-,N,,,,,,,,,,Y,3,0,3,2,C,-,18,,,N,D,C,A,A,H,-,A,A,0,,,,,Y,,-,"- ",0,3,0,0,0,0,0,0,0,"- ","- ",37.863971710205078,-122.26735687255859,ALAMEDA,BERKELEY,-122.26741027832031,37.863971710205078
9629682,2023,2023-11-07,0103,2023-09-16,1338,28,,6,5,6,0103,0,0,0,,0,002,"THE ALAMEDA",MONTEREY,0.00,,Y,A,-,N,,,,,,,,,,Y,3,0,1,2,A,-,03,22350,,N,C,C,A,A,H,-,A,A,0,,,,,Y,,A,01,0,1,0,0,0,0,0,0,0,"- ","- ",37.888088226318359,-122.27638244628906,ALAMEDA,BERKELEY,-122.27641296386719,37.888046264648438
9629684,2023,2023-11-07,0103,2023-09-17,2144,23,,7,5,6,0103,0,0,0,,0,,BLAKE,"MARTIN LUTHER KING JR",0.00,,Y,A,-,N,,,,,,,,,,N,2,0,2,2,A,-,09,21801,A,N,D,D,A,A,F,-,C,D,0,,,Y,,Y,Y,A,01,1,1,0,0,0,0,0,0,1,"- ","- ",,,ALAMEDA,BERKELEY,-122.27201080322266,37.862442016601562
9629686,2023,2024-01-24,0103,2023-09-08,"615 ",42,,5,5,6,0103,0,0,0,,0,003,UNIVERSITY,ACTION,0.00,,Y,A,-,N,,,,,,,,,,Y,3,0,3,2,A,-,12,21453,A,N,D,C,A,A,H,-,A,A,0,,,,,Y,,A,01,0,3,0,0,0,0,0,0,0,"- ","- ",37.870109558105469,-122.28424835205078,ALAMEDA,BERKELEY,-122.28426361083984,37.870182037353516
9629761,2023,2023-10-30,0103,2023-09-12,1847,112,,2,5,6,0103,0,0,0,,0,005,MILVIA,HASTE,0.00,,Y,A,-,N,,,,,,,,,,N,2,0,1,2,A,-,10,21950,A,N,G,B,B,A,H,-,A,A,0,Y,,,,Y,,A,01,1,0,0,0,1,0,0,0,0,"- ","- ",37.864551544189453,-122.2698974609375,ALAMEDA,BERKELEY,-122.26993560791016,37.864585876464844
9629762,2023,2023-10-27,0103,2023-09-06,1825,49,,3,5,6,0103,0,0,0,,0,006,HASTE,"ELLSWORTH ST",0.00,,Y,A,-,N,,,,,,,,,,N,3,0,2,3,A,-,10,21950,A,N,G,B,B,A,E,H,A,A,0,Y,,,,Y,,A,01,0,2,0,0,2,0,0,0,0,"- ","- ",37.865428924560547,-122.26316833496094,ALAMEDA,BERKELEY,-122.26316070556641,37.865447998046875
9629765,2023,2023-10-30,0103,2023-09-11,1101,104,,1,5,6,0103,0,0,0,,0,006,TELEGRAPH,BANCROFT,0.00,,Y,A,-,N,,,,,,,,,,N,3,0,1,2,A,-,17,22517,,N,E,G,A,A,H,-,A,A,0,,Y,,,Y,,A,07,0,1,0,0,0,0,1,0,0,"- ","- ",37.868698120117188,-122.25914764404297,ALAMEDA,BERKELEY,-122.25920867919922,37.868732452392578
9629768,2023,2023-11-07,0103,2023-09-06,1437,10,,3,5,6,0103,0,0,0,,0,003,SACRAMENTO,UNIVERSITY,0.00,,Y,A,-,N,,,,,,,,,,N,3,0,1,2,A,-,03,22350,,N,C,C,A,A,H,-,A,A,0,,,,,Y,Y,A,07,0,1,0,0,0,0,0,0,0,"- ","- ",37.870410919189453,-122.28193664550781,ALAMEDA,BERKELEY,-122.28204345703125,37.870460510253906
9629769,2023,2023-10-30,0103,2023-09-11,"930 ",49,,1,5,6,0103,0,0,0,,0,011,"SAN PABLO AV","67TH ST",14.00,N,N,A,-,N,,,,,,,,,,N,3,0,1,2,A,-,17,21235,F,N,G,B,F,A,H,-,A,A,0,Y,,,,Y,,M,94,0,1,0,0,1,0,0,0,0,"- ","- ",37.850421905517578,-122.28753662109375,ALAMEDA,BERKELEY,-122.28598785400391,37.85015869140625
9629772,2023,2023-10-27,0103,2023-09-06,1000,17,,3,5,6,0103,0,0,0,,0,007,FULTON,DURANT,0.00,,Y,A,-,N,,,,,,,,,,,3,0,1,2,A,-,08,22107,,F,G,B,B,A,H,-,A,A,0,Y,,,,Y,,A,01,0,1,0,0,1,0,0,0,0,"- ","- ",37.866928100585938,-122.26580810546875,ALAMEDA,BERKELEY,-122.26577758789062,37.866931915283203