CASE_ID,ACCIDENT_YEAR,PROC_DATE,JURIS,COLLISION_DATE,COLLISION_TIME,OFFICER_ID,REPORTING_DISTRICT,DAY_OF_WEEK,CHP_SHIFT,POPULATION,CNTY_CITY_LOC,SPECIAL_COND,BEAT_TYPE,CHP_BEAT_TYPE,CITY_DIVISION_LAPD,CHP_BEAT_CLASS,BEAT_NUMBER,PRIMARY_RD,SECONDARY_RD,DISTANCE,DIRECTION,INTERSECTION,WEATHER_1,WEATHER_2,STATE_HWY_IND,CALTRANS_COUNTY,CALTRANS_DISTRICT,STATE_ROUTE,ROUTE_SUFFIX,POSTMILE_PREFIX,POSTMILE,LOCATION_TYPE,RAMP_INTERSECTION,SIDE_OF_HWY,TOW_AWAY,COLLISION_SEVERITY,NUMBER_KILLED,NUMBER_INJURED,PARTY_COUNT,PRIMARY_COLL_FACTOR,PCF_CODE_OF_VIOL,PCF_VIOL_CATEGORY,PCF_VIOLATION,PCF_VIOL_SUBSECTION,HIT_AND_RUN,TYPE_OF_COLLISION,MVIW,PED_ACTION,ROAD_SURFACE,ROAD_COND_1,ROAD_COND_2,LIGHTING,CONTROL_DEVICE,CHP_ROAD_TYPE,PEDESTRIAN_ACCIDENT,BICYCLE_ACCIDENT,MOTORCYCLE_ACCIDENT,TRUCK_ACCIDENT,NOT_PRIVATE_PROPERTY,ALCOHOL_INVOLVED,STWD_VEHTYPE_AT_FAULT,CHP_VEHTYPE_AT_FAULT,COUNT_SEVERE_INJ,COUNT_VISIBLE_INJ,COUNT_COMPLAINT_PAIN,COUNT_PED_KILLED,COUNT_PED_INJURED,COUNT_BICYCLIST_KILLED,COUNT_BICYCLIST_INJURED,COUNT_MC_KILLED,COUNT_MC_INJURED,PRIMARY_RAMP,SECONDARY_RAMP,LATITUDE,LONGITUDE,COUNTY,CITY,POINT_X,POINT_Y
9629773,2023,2023-10-30,0103,2023-09-11,"859 ",112,,1,5,6,0103,0,0,0,,0,002,HEARST,"SPRUCE ST",117.00,E,N,A,-,N,,,,,,,,,,N,2,0,1,1,A,-,03,22350,,N,E,I,A,A,H,-,A,A,0,,,,,Y,,M,94,1,0,0,0,0,0,0,0,0,"- ","- ",37.874599456787109,-122.26396179199219,ALAMEDA,BERKELEY,-122.26493072509766,37.874305725097656
9629776,2023,2023-10-27,0103,2023-09-01,1741,7,22,5,5,6,0103,0,0,0,,0,003,UNIVERSITY,ACTION,0.00,,Y,A,-,N,,,,,,,,,,Y,3,0,2,2,A,-,12,21453,A,N,D,C,A,A,H,-,A,A,0,,,,,Y,,A,01,0,1,1,0,0,0,0,0,0,"- ","- ",37.870109558105469,-122.28424835205078,ALAMEDA,BERKELEY,-122.28426361083984,37.870182037353516
9629777,2023,2023-10-30,0103,2023-09-09,1400,17,,6,5,6,0103,0,0,0,,0,002,HENRY,ROSE,0.00,,Y,A,-,N,,,,,,,,,,N,4,0,1,3,A,-,03,22350,,N,B,B,E,A,H,-,A,D,0,Y,,,,Y,,A,01,0,0,1,0,1,0,0,0,0,"- ","- ",37.88153076171875,-122.27089691162109,ALAMEDA,BERKELEY,-122.27069854736328,37.881900787353516
9629781,2023,2023-11-07,0103,2023-09-08,1925,55,,5,5,6,0103,0,0,0,,0,001,MARIN,"LOS ANGELES",0.00,,Y,A,-,N,,,,,,,,,,N,2,0,1,2,A,-,05,21650,,N,A,G,A,A,H,-,A,D,0,,Y,,,Y,Y,L,04,1,0,0,0,0,0,1,0,0,"- ","- ",37.8902587890625,-122.27218627929688,ALAMEDA,BERKELEY,-122.272216796875,37.890186309814453
9629785,2023,2023-10-27,0103,2023-09-07,2040,33,,4,5,6,0103,0,0,0,,0,012,UNIVERSITY,"W FRONTAGE",0.00,,Y,A,-,N,,,,,,,,,,Y,3,0,1,2,A,-,12,22450,A,N,C,C,A,A,H,-,C,A,0,,,,,Y,,A,01,0,1,0,0,0,0,0,0,0,"- ","- ",37.866439819335938,-122.30555725097656,ALAMEDA,BERKELEY,-122.30553436279297,37.866348266601562
9629789,2023,2023-10-27,0103,2023-09-06,2140,52,,3,5,6,0103,0,0,0,,0,006,DURANT,BOWDITCH,0.00,,Y,A,-,N,,,,,,,,,,N,3,0,1,2,A,-,10,21950,A,F,G,B,B,A,H,-,C,A,0,Y,,,,Y,,A,01,0,1,0,0,1,0,0,0,0,"- ","- ",37.868110656738281,-122.25670623779297,ALAMEDA,BERKELEY,-122.2567138671875,37.868110656738281
9629794,2023,2023-10-27,0103,2023-09-19,1523,112,,2,5,6,0103,0,0,0,,0,002,HEARST,MILVIA,0.00,,Y,A,-,N,,,,,,,,,,N,3,0,1,2,A,-,08,22107,,N,B,C,A,A,H,-,A,A,0,,,,,Y,,A,01,0,1,0,0,0,0,0,0,0,"- ","- ",37.873859405517578,-122.27078247070312,ALAMEDA,BERKELEY,-122.27088928222656,37.873592376708984
9629797,2023,2023-10-30,0103,2023-09-13,"730 ",S29,20,3,5,6,0103,0,0,0,,0,013,GILMAN,6TH,0.00,,Y,A,-,N,,,,,,,,,,N,3,0,2,2,A,-,12,21453,A,N,D,C,A,A,H,-,A,A,0,,,,,Y,,A,01,0,2,0,0,0,0,0,0,0,"- ","- ",,,ALAMEDA,BERKELEY,-122.30135345458984,37.879360198974609
9629798,2023,2023-10-27,0103,2023-09-20,1212,112,,3,5,6,0103,0,0,0,,0,014,GILMAN,"NORTHSIDE AV",65.00,E,N,A,-,N,,,,,,,,,,Y,4,0,1,2,A,-,17,22517,,N,B,C,A,A,H,-,A,A,0,,,,,Y,,A,01,0,0,1,0,0,0,0,0,0,"- ","- ",37.880901336669922,-122.28856658935547,ALAMEDA,BERKELEY,-122.28852081298828,37.881084442138672
9629808,2023,2023-10-27,0103,2023-09-30,1544,160,4004,6,5,6,0103,0,0,0,,0,009,ALCATRAZ,ADELINE,0.00,,Y,A,-,N,,,,,,,,,,Y,4,0,1,2,A,-,12,21453,A,N,D,C,A,A,H,-,A,A,0,,,,,Y,,A,01,0,0,1,0,0,0,0,0,0,"- ","- ",37.848751068115234,-122.27144622802734,ALAMEDA,BERKELEY,-122.27153015136719,37.848724365234375
9629809,2023,2023-10-27,0103,2023-09-29,1627,42,,5,5,6,0103,0,0,0,,0,002,CEDAR,"SACRAMENTO ST",80.00,E,N,A,-,N,,,,,,,,,,Y,3,0,1,2,A,-,09,21804,A,N,B,C,A,A,H,-,A,D,0,,,,,Y,,A,01,0,1,0,0,0,0,0,0,0,"- ","- ",37.876689910888672,-122.28265380859375,ALAMEDA,BERKELEY,-122.28246307373047,37.876701354980469
9629810,2023,2023-10-27,0103,2023-09-29,1810,69,22,5,5,6,0103,0,0,0,,0,003,UNIVERSITY,WEST,0.00,,Y,A,-,N,,,,,,,,,,N,3,0,1,2,A,-,12,21453,A,N,D,G,A,A,H,-,A,A,0,,Y,,,Y,,A,01,0,1,0,0,0,0,1,0,0,"- ","- ",37.869819641113281,-122.28655242919922,ALAMEDA,BERKELEY,-122.28652191162109,37.869876861572266
9629811,2023,2023-10-27,0103,2023-09-28,"820 ",136,,4,5,6,0103,0,0,0,,0,002,CEDAR,CALIFORNIA,0.00,,Y,A,-,N,,,,,,,,,,N,3,0,1,2,A,-,10,21950,A,N,G,B,B,A,H,-,A,D,0,Y,,,,Y,,A,01,0,1,0,0,1,0,0,0,0,"- ","- ",37.876850128173828,-122.28025054931641,ALAMEDA,BERKELEY,-122.28046417236328,37.876949310302734
9629812,2023,2023-10-27,0103,2023-09-27,2205,43,,3,5,6,0103,0,0,0,,0,004,KITTREDGE,SHATTUCK,0.00,,Y,A,-,N,,,,,,,,,,N,3,0,1,1,A,-,03,22350,,N,H,I,A,A,H,-,C,A,0,,,Y,,Y,,C,02,0,1,0,0,0,0,0,0,1,"- ","- ",37.868488311767578,-122.26786804199219,ALAMEDA,BERKELEY,-122.26793670654297,37.868480682373047
9629813,2023,2023-10-27,0103,2023-09-27,1145,107,29,3,5,6,0103,0,0,0,,0,005,CENTER,MILVIA,0.00,,Y,A,-,N,,,,,,,,,,N,3,0,1,2,A,-,09,21801,A,N,D,G,A,A,H,-,A,A,0,,Y,,,Y,,A,01,0,1,0,0,0,0,1,0,0,"- ","- ",37.869979858398438,-122.27055358886719,ALAMEDA,BERKELEY,-122.27054595947266,37.869956970214844
9629814,2023,2023-10-27,0103,2023-09-27,1120,107,35,3,5,6,0103,0,0,0,,0,009,"MARTIN LUTHER KING JR",STUART,0.00,,Y,A,-,N,,,,,,,,,,N,3,0,1,2,A,-,09,21802,A,N,D,C,A,A,H,-,A,A,0,,,,,Y,,A,01,0,1,0,0,0,0,0,0,0,"- ","- ",37.857379913330078,-122.27168273925781,ALAMEDA,BERKELEY,-122.27152252197266,37.857959747314453
9629815,2023,2023-10-27,0103,2023-09-24,1556,S19,,7,5,6,0103,0,0,0,,0,001,MARIN,"THE CIRCLE",0.00,,Y,A,-,N,,,,,,,,,,Y,3,0,1,2,A,-,03,22350,,N,C,C,A,A,H,-,A,A,0,,,,,Y,,A,01,0,1,0,0,0,0,0,0,0,"- ","- ",37.890048980712891,-122.27249145507812,ALAMEDA,BERKELEY,-122.27249145507812,37.890052795410156
9629816,2023,2023-10-27,0103,2023-09-24,1455,S27,,7,5,6,0103,0,0,0,,0,011,"DWIGHT CRES","10TH ST",0.00,,Y,A,-,N,,,,,,,,,,N,3,0,1,2,A,-,09,21802,A,N,D,G,A,A,-,-,A,A,0,,Y,,,Y,,L,04,0,1,0,0,0,0,1,0,0,"- ","- ",37.860858917236328,-122.29070281982422,ALAMEDA,BERKELEY,-122.29071044921875,37.860866546630859
9629817,2023,2023-10-27,0103,2023-09-21,2332,145,,4,5,6,0103,0,0,0,,0,005,BLAKE,"MARTIN LUTHER KING JR",0.00,,Y,A,-,N,,,,,,,,,,N,3,0,1,1,A,-,03,22350,,N,E,I,A,A,H,-,C,A,0,,Y,,,Y,,L,04,0,1,0,0,0,0,1,0,0,"- ","- ",37.862449645996094,-122.27200317382812,ALAMEDA,BERKELEY,-122.27201080322266,37.862442016601562
9631272,2023,2023-11-13,0103,2023-05-09,2233,70,,2,5,6,0103,0,0,0,,0,009,"ASHBY AV","MARTIN LUTHER KING JR WY",6.00,E,N,A,-,Y,ALA,4,13,-,-,12.310,H,-,N,N,3,0,1,2,A,-,03,22350,,N,C,C,A,-,H,-,C,A,0,,,Y,,Y,,A,01,0,1,0,0,0,0,0,0,1,"- ","- ",37.854320526123047,-122.27108001708984,ALAMEDA,BERKELEY,-122.27091217041016,37.854312896728516
9637371,2023,2024-02-23,0103,2023-10-04,1803,104,,3,5,6,0103,0,0,0,,0,014,"SAN PABLO AV","DELAWARE ST",0.00,,Y,A,-,Y,ALA,4,123,-,-,3.340,I,5,S,N,3,0,1,2,A,-,12,21453,A,N,D,G,A,A,H,-,A,A,0,,Y,,,Y,,A,01,0,1,0,0,0,0,1,0,0,"- ","- ",37.871688842773438,-122.29296112060547,ALAMEDA,BERKELEY,-122.29305267333984,37.871688842773438
9637375,2023,2024-02-23,0103,2023-10-05,1349,112,,4,5,6,0103,0,0,0,,0,009,"TELEGRAPH AV","RT 13",0.00,,Y,A,-,Y,ALA,4,13,-,-,11.610,I,5,S,N,2,0,1,2,A,-,09,21801,A,N,D,C,A,A,H,-,A,A,0,,,Y,,Y,,A,07,1,0,0,0,0,0,0,0,1,"- ","- ",37.856189727783203,-122.25966644287109,ALAMEDA,BERKELEY,-122.25969696044922,37.856155395507812
9637418,2023,2024-02-23,0103,2023-10-06,1446,26,,5,5,6,0103,0,0,0,,0,011,"SAN PABLO AV","CARLETON ST",0.00,,Y,A,-,Y,ALA,4,123,-,-,2.370,I,5,N,Y,3,0,1,2,A,-,09,21802,A,N,D,C,A,A,H,-,A,A,0,,,,,Y,,A,01,0,1,0,0,0,0,0,0,0,"- ","- ",37.859359741210938,-122.28888702392578,ALAMEDA,BERKELEY,-122.28855895996094,37.858100891113281
9637422,2023,2024-02-23,0103,2023-10-13,"57  ",32,,5,5,6,0103,0,0,0,,0,009,"MARTIN LUTHER KING JR WY","ASHBY AV",0.00,,Y,A,-,Y,ALA,4,13,-,-,12.320,I,5,N,Y,2,0,2,1,A,-,03,22350,,N,E,I,A,A,H,-,C,A,0,,,,,Y,,A,01,2,0,0,0,0,0,0,0,0,"- ","- ",37.854320526123047,-122.27108001708984,ALAMEDA,BERKELEY,-122.27113342285156,37.854282379150391
9637426,2023,2024-02-23,0103,2023-10-17,1457,84,38,2,5,6,0103,0,0,0,,0,007,"TUNNEL RD","TUNNEL RD 97",0.00,,-,A,-,Y,ALA,4,13,-,-,10.460,H,-,N,Y,3,0,2,2,A,-,03,22350,,N,A,C,A,A,H,-,A,D,0,,,,,Y,,A,01,0,2,0,0,0,0,0,0,0,"- ","- ",37.862701416015625,-122.24033355712891,ALAMEDA,BERKELEY,-122.240478515625,37.856105804443359
9637430,2023,2024-02-23,0103,2023-10-18,1148,144,,3,5,6,0103,0,0,0,,0,011,"SAN PABLO AV",RUSSELL,0.00,,Y,A,-,Y,ALA,4,123,-,-,2.020,I,5,S,N,3,0,1,2,A,-,03,22350,,N,C,C,A,A,H,-,A,D,0,,,Y,,Y,,C,02,0,1,0,0,0,0,0,0,1,"- ","- ",,,ALAMEDA,BERKELEY,-122.28726959228516,37.853588104248047
9637434,2023,2024-02-23,0103,2023-10-21,1134,61,32,6,5,6,0103,0,0,0,,0,011,"SAN PABLO AV","CHANNING WY",0.00,,Y,A,-,Y,ALA,4,123,-,-,2.700,I,5,S,N,3,0,1,2,A,-,09,21802,,N,G,C,A,A,H,-,A,D,0,,,,,Y,,M,94,0,1,0,0,0,0,0,0,0,"- ","- ",37.862850189208984,-122.29010772705078,ALAMEDA,BERKELEY,-122.29021453857422,37.862869262695312
9637438,2023,2024-02-23,0103,2023-10-27,1929,110,,5,5,6,0103,0,0,0,,0,009,"ASHBY AV","SHATTUCK AV",0.00,,Y,A,-,Y,ALA,4,13,-,-,12.058,I,5,S,Y,4,0,1,2,A,-,08,22107,,N,D,D,A,A,H,-,C,A,0,,,,,Y,,A,01,0,0,1,0,0,0,0,0,0,"- ","- ",37.855300903320312,-122.26648712158203,ALAMEDA,BERKELEY,-122.26652526855469,37.855300903320312
9641152,2023,2024-02-23,0103,2023-10-03,"854 ",112,,2,5,6,0103,0,0,0,,0,012,"RT 123","CHANNING WY",0.00,,Y,A,-,Y,ALA,4,123,-,-,2.700,I,5,S,Y,3,0,1,3,A,-,03,22350,,F,C,C,A,-,H,-,A,A,0,,,,,Y,,D,22,0,1,0,0,0,0,0,0,0,"- ","- ",37.862850189208984,-122.29010772705078,ALAMEDA,BERKELEY,-122.29021453857422,37.862869262695312
9641156,2023,2023-12-07,0103,2023-10-03,"935 ",141,,2,5,6,0103,0,0,0,,0,005,"MILVIA ST","CHANNING WY",0.00,,Y,A,-,N,,,,,,,,,,N,3,0,1,2,A,-,12,22450,A,N,D,G,A,A,H,-,A,D,0,,Y,,,Y,,-,"- ",0,1,0,0,0,0,1,0,0,"- ","- ",37.865451812744141,-122.26999664306641,ALAMEDA,BERKELEY,-122.27005767822266,37.865447998046875
9641160,2023,2023-12-07,0103,2023-10-04,1145,94,26,3,5,6,0103,0,0,0,,0,006,BANCROFT,DANA,216.00,W,N,A,-,N,,,,,,,,,,N,3,0,1,2,A,-,08,22107,,N,D,B,E,A,H,-,A,D,0,Y,,,,Y,,D,22,0,1,0,0,1,0,0,0,0,"- ","- ",37.868408203125,-122.26145172119141,ALAMEDA,BERKELEY,-122.26219940185547,37.868339538574219
9641381,2023,2023-12-23,0103,2023-10-31,1822,07,33,2,5,6,0103,0,0,0,,0,010,DERBY,"MABEL ST",142.00,W,N,A,-,N,,,,,,,,,,N,2,0,1,2,A,-,11,21950,B,F,G,B,D,A,H,-,B,A,0,Y,,,,Y,,N,60,1,0,0,0,1,0,0,0,0,"- ","- ",37.858219146728516,-122.28553009033203,ALAMEDA,BERKELEY,-122.28520965576172,37.858043670654297
9641382,2023,2023-12-30,0103,2023-10-21,1710,7,,6,5,6,0103,0,0,0,,0,002,"HEARST AV","CALIFORNIA ST",180.00,W,N,A,-,N,,,,,,,,,,Y,3,0,1,4,A,-,01,23152,A,M,C,E,A,A,H,-,A,D,0,,,,,Y,Y,A,01,0,1,0,0,0,0,0,0,0,"- ","- ",37.872238159179688,-122.28163146972656,ALAMEDA,BERKELEY,-122.28057098388672,37.872352600097656
9641383,2023,2023-12-30,0103,2023-10-29,2133,20,28,7,5,6,0103,0,0,0,,0,006,"DURANT AV","TELEGRAPH AV",0.00,,Y,A,-,N,,,,,,,,,,Y,3,0,2,2,A,-,12,21453,A,N,D,C,A,A,H,-,C,A,0,,,,,Y,,A,01,0,2,0,0,0,0,0,0,0,"- ","- ",37.867809295654297,-122.25897979736328,ALAMEDA,BERKELEY,-122.25901794433594,37.867805480957031
9641384,2023,2023-12-23,0103,2023-10-30,1630,,,1,5,6,0103,0,0,0,,0,005,"ALLSTON WY","GRANT ST",0.00,,Y,A,-,N,,,,,,,,,,N,3,0,1,1,A,-,03,22350,,N,E,I,A,-,H,-,A,D,0,,,,,Y,,M,94,0,1,0,0,0,0,0,0,0,"- ","- ",37.867630004882812,-122.28060150146484,ALAMEDA,BERKELEY,-122.27507019042969,37.868446350097656
9641385,2023,2023-12-30,0103,2023-10-27,1230,150,,5,5,6,0103,0,0,0,,0,006,"FULTON ST","CHANNING WY",0.00,,Y,A,-,N,,,,,,,,,,Y,3,0,1,2,A,-,03,22350,,N,D,C,A,A,H,-,A,A,0,,,,,Y,,A,01,0,1,0,0,0,0,0,0,0,"- ","- ",37.8603515625,-122.26561737060547,ALAMEDA,BERKELEY,-122.26561737060547,37.866031646728516
9641386,2023,2023-12-30,0103,2023-10-28,2329,10,32,6,5,6,0103,0,0,0,,0,012,"ADDISON ST","6TH ST",0.00,,Y,A,-,N,,,,,,,,,,N,3,0,1,2,A,-,04,21703,,N,C,C,A,A,H,-,B,D,0,,,,,Y,,A,01,0,1,0,0,0,0,0,0,0,"- ","- ",37.866710662841797,-122.29724884033203,ALAMEDA,BERKELEY,-122.29727172851562,37.866706848144531
9641387,2023,2023-12-30,0103,2023-10-26,1347,112,,4,5,6,0103,0,0,0,,0,002,"HEARST AV","WALNUT ST",100.00,E,N,A,-,N,,,,,,,,,,N,2,0,1,2,A,-,11,21950,B,N,G,B,D,A,H,-,A,A,0,Y,Y,,,Y,,N,60,1,0,0,0,0,0,1,0,0,"- ","- ",37.874179840087891,-122.26802062988281,ALAMEDA,BERKELEY,-122.26715850830078,37.874038696289062
9641388,2023,2023-12-30,0103,2023-10-27,"101 ",145,,5,5,6,0103,0,0,0,,0,005,"SHATTUCK AV","DWIGHT WY",0.00,,Y,A,-,N,,,,,,,,,,N,3,0,1,2,A,-,12,21457,A,N,D,C,A,A,H,-,C,A,0,,,,,Y,,A,01,0,1,0,0,0,0,0,0,0,"- ","- ",37.863971710205078,-122.26735687255859,ALAMEDA,BERKELEY,-122.26741027832031,37.863971710205078
9641389,2023,2023-12-30,0103,2023-10-26,"816 ",112,,4,5,6,0103,0,0,0,,0,009,"MILVIA ST","STUART ST",0.00,,Y,A,-,N,,,,,,,,,,N,2,0,1,2,A,-,12,22450,A,N,D,G,A,A,H,-,A,A,0,,Y,,,Y,,L,04,1,0,0,0,0,0,1,0,0,"- ","- ",37.858219146728516,-122.26923370361328,ALAMEDA,BERKELEY,-122.26924133300781,37.858211517333984
9641390,2023,2023-12-30,0103,2023-10-26,1039,110,,4,5,6,0103,0,0,0,,0,009,"ALCATRAZ AV","ADELINE ST",0.00,,Y,A,-,N,,,,,,,,,,N,3,0,1,2,A,-,08,22107,,F,D,G,A,A,H,-,A,A,0,,Y,,,Y,,A,01,0,1,0,0,0,0,1,0,0,"- ","- ",37.848751068115234,-122.27144622802734,ALAMEDA,BERKELEY,-122.27153015136719,37.848724365234375
9641391,2023,2023-12-23,0103,2023-10-24,"812 ",22,4001,2,5,6,0103,0,0,0,,0,010,"FAIRVIEW ST","CALIFORNIA ST",0.00,,Y,B,-,N,,,,,,,,,,N,3,0,1,2,A,-,12,22450,A,F,D,G,A,A,H,-,A,A,0,,Y,,,Y,,A,01,0,1,0,0,0,0,1,0,0,"- ","- ",37.850181579589844,-122.27603149414062,ALAMEDA,BERKELEY,-122.2762451171875,37.849971771240234
9641392,2023,2023-12-30,0103,2023-10-25,1010,107,3902,3,5,6,0103,0,0,0,,0,008,"ASHBY AV","COLBY ST",0.00,,Y,A,-,N,,,,,,,,,,Y,3,0,2,2,A,-,09,21801,A,N,D,C,A,A,H,-,A,A,0,,,,,Y,,A,01,0,2,0,0,0,0,0,0,0,"- ","- ",37.856590270996094,-122.25711059570312,ALAMEDA,BERKELEY,-122.25794982910156,37.856410980224609
9641393,2023,2023-12-30,0103,2023-10-21,"209 ",20,,6,5,6,0103,0,0,0,,0,006,"CHANNING WY","DANA ST",0.00,,Y,A,-,N,,,,,,,,,,N,3,0,2,2,A,-,04,21703,,F,C,C,A,A,H,-,C,D,0,,,,,Y,,-,99,0,2,0,0,0,0,0,0,0,"- ","- ",37.866611480712891,-122.26109313964844,ALAMEDA,BERKELEY,-122.26107025146484,37.866619110107422
9641394,2023,2023-12-30,0103,2023-10-21,1439,S32,,6,5,6,0103,0,0,0,,0,003,"MLK JR","HEARST AV",0.00,,Y,A,-,N,,,,,,,,,,N,3,0,1,2,D,-,00,,,N,B,C,A,A,H,-,A,A,0,,,Y,,Y,,-,"- ",0,1,0,0,0,0,0,0,1,"- ","- ",37.873310089111328,-122.27320098876953,ALAMEDA,BERKELEY,-122.27320098876953,37.873332977294922
9641395,2023,2023-12-30,0103,2023-10-19,"900 ",145,,4,5,6,0103,0,0,0,,0,009,"MARTIN LUTHER KING JR WY","STUART ST",95.00,S,N,A,-,N,,,,,,,,,,Y,3,0,1,2,A,-,03,22350,,N,E,E,A,A,H,-,A,D,0,,,,,Y,,A,01,0,1,0,0,0,0,0,0,0,"- ","- ",37.857490539550781,-122.27168273925781,ALAMEDA,BERKELEY,-122.27149200439453,37.857700347900391
9641396,2023,2023-12-30,0103,2023-10-19,1720,149,3602,4,5,6,0103,0,0,0,,0,008,"TELEGRAPH AV","PARKER ST",0.00,,Y,A,-,N,,,,,,,,,,N,3,0,1,2,A,-,05,21202,A,N,D,G,A,-,H,-,-,D,0,,Y,,,Y,Y,L,04,0,1,0,0,0,0,1,0,0,"- ","- ",37.863258361816406,-122.25868988037109,ALAMEDA,BERKELEY,-122.25871276855469,37.863235473632812
9641397,2023,2023-12-30,0103,2023-10-18,1521,144,,3,5,6,0103,0,0,0,,0,011,"7TH ST","POTTER ST",0.00,,Y,A,-,N,,,,,,,,,,N,3,0,1,2,A,-,03,22350,,F,C,C,A,A,H,-,-,A,0,,,,,Y,,A,01,0,1,0,0,0,0,0,0,0,"- ","- ",,,ALAMEDA,BERKELEY,-122.29123687744141,37.851535797119141
9641398,2023,2024-01-11,0103,2023-10-18,1747,104,,3,5,6,0103,0,0,0,,0,003,"SAN PABLO AV","UNIVERSITY AV",0.00,,Y,A,-,Y,ALA,4,123,-,-,3.160,H,-,S,N,3,0,1,2,A,-,03,22350,,F,C,C,A,A,H,-,A,A,0,,,,,Y,,A,01,0,1,0,0,0,0,0,0,0,"- ","- ",37.869098663330078,-122.29212188720703,ALAMEDA,BERKELEY,-122.29228973388672,37.869247436523438
9641399,2023,2023-12-30,0103,2023-10-17,1648,122,,2,5,6,0103,0,0,0,,0,001,"ROSE ST","SHATTUCK AV",0.00,,Y,A,-,N,,,,,,,,,,N,3,0,1,2,A,-,17,22517,,N,H,G,A,A,H,-,A,D,0,,Y,,,Y,,A,01,0,1,0,0,0,0,1,0,0,"- ","- ",37.88201904296875,-122.26953887939453,ALAMEDA,BERKELEY,-122.26953887939453,37.882026672363281
9641400,2023,2023-12-30,0103,2023-10-18,"927 ",160,34,3,5,6,0103,0,0,0,,0,009,"ASHBY AV","KING ST",0.00,,Y,A,-,N,,,,,,,,,,N,3,0,1,2,A,-,10,21950,A,F,G,B,B,A,H,-,A,A,0,Y,,,,Y,Y,-,99,0,1,0,0,1,0,0,0,0,"- ","- ",37.853900909423828,-122.27423858642578,ALAMEDA,BERKELEY,-122.27423858642578,37.853900909423828
9641401,2023,2023-12-12,0103,2023-10-13,"619 ",55,40,5,5,6,0103,0,0,0,,0,010,ALCATRAZ,SACRAMENTO,0.00,,Y,A,-,N,,,,,,,,,,N,4,0,1,2,A,-,09,21801,A,F,A,C,A,A,H,-,C,A,0,,,,,Y,,A,01,0,0,1,0,0,0,0,0,0,"- ","- ",37.847900390625,-122.27774047851562,ALAMEDA,BERKELEY,-122.27783966064453,37.847915649414062
9641402,2023,2023-12-12,0103,2023-10-13,"936 ",112,,5,5,6,0103,0,0,0,,0,013,6TH,"HEARST AV",110.00,N,N,A,-,N,,,,,,,,,,N,4,0,1,2,A,-,21,22106,,N,D,C,A,A,H,-,A,A,0,,,,,Y,,A,01,0,0,1,0,0,0,0,0,0,"- ","- ",37.870250701904297,-122.29843139648438,ALAMEDA,BERKELEY,-122.29819488525391,37.869609832763672
9641403,2023,2023-12-18,0103,2023-10-17,"917 ",150,,2,5,6,0103,0,0,0,,0,012,"SAN PABLO",ADDISON,0.00,,Y,A,-,Y,ALA,4,123,-,-,3.080,I,5,N,N,3,0,1,2,A,-,10,21950,A,N,G,B,B,A,H,-,A,A,0,Y,,,,Y,,A,01,0,1,0,0,1,0,0,0,0,"- ","- ",37.868148803710938,-122.29151153564453,ALAMEDA,BERKELEY,-122.29180145263672,37.868129730224609
9641404,2023,2023-12-12,0103,2023-10-12,"909 ",112,,4,5,6,0103,0,0,0,,0,009,SHATTUCK,DERBY,0.00,,Y,A,-,N,,,,,,,,,,N,4,0,1,2,A,-,04,21703,,N,C,C,A,A,H,-,A,A,0,,,,,Y,,A,07,0,0,1,0,0,0,0,0,0,"- ","- ",37.859268188476562,-122.22673797607422,ALAMEDA,BERKELEY,-122.26712036132812,37.860336303710938
9641405,2023,2023-12-12,0103,2023-10-10,1640,99,21,2,5,6,0103,0,0,0,,0,013,10TH,DELAWARE,0.00,,Y,B,-,N,,,,,,,,,,N,3,0,1,2,A,-,12,22450,A,N,D,G,A,A,H,-,A,A,0,,Y,,,Y,,L,04,0,1,0,0,0,0,1,0,0,"- ","- ",37.8714599609375,-122.22940826416016,ALAMEDA,BERKELEY,-122.29410552978516,37.871414184570312