CASE_ID,ACCIDENT_YEAR,PROC_DATE,JURIS,COLLISION_DATE,COLLISION_TIME,OFFICER_ID,REPORTING_DISTRICT,DAY_OF_WEEK,CHP_SHIFT,POPULATION,CNTY_CITY_LOC,SPECIAL_COND,BEAT_TYPE,CHP_BEAT_TYPE,CITY_DIVISION_LAPD,CHP_BEAT_CLASS,BEAT_NUMBER,PRIMARY_RD,SECONDARY_RD,DISTANCE,DIRECTION,INTERSECTION,WEATHER_1,WEATHER_2,STATE_HWY_IND,CALTRANS_COUNTY,CALTRANS_DISTRICT,STATE_ROUTE,ROUTE_SUFFIX,POSTMILE_PREFIX,POSTMILE,LOCATION_TYPE,RAMP_INTERSECTION,SIDE_OF_HWY,TOW_AWAY,COLLISION_SEVERITY,NUMBER_KILLED,NUMBER_INJURED,PARTY_COUNT,PRIMARY_COLL_FACTOR,PCF_CODE_OF_VIOL,PCF_VIOL_CATEGORY,PCF_VIOLATION,PCF_VIOL_SUBSECTION,HIT_AND_RUN,TYPE_OF_COLLISION,MVIW,PED_ACTION,ROAD_SURFACE,ROAD_COND_1,ROAD_COND_2,LIGHTING,CONTROL_DEVICE,CHP_ROAD_TYPE,PEDESTRIAN_ACCIDENT,BICYCLE_ACCIDENT,MOTORCYCLE_ACCIDENT,TRUCK_ACCIDENT,NOT_PRIVATE_PROPERTY,ALCOHOL_INVOLVED,STWD_VEHTYPE_AT_FAULT,CHP_VEHTYPE_AT_FAULT,COUNT_SEVERE_INJ,COUNT_VISIBLE_INJ,COUNT_COMPLAINT_PAIN,COUNT_PED_KILLED,COUNT_PED_INJURED,COUNT_BICYCLIST_KILLED,COUNT_BICYCLIST_INJURED,COUNT_MC_KILLED,COUNT_MC_INJURED,PRIMARY_RAMP,SECONDARY_RAMP,LATITUDE,LONGITUDE,COUNTY,CITY,POINT_X,POINT_Y
9641406,2023,2023-12-12,0103,2023-10-11,1740,61,28,3,5,6,0103,0,0,0,,0,006,DWIGHT,TELEGRAPH,0.00,,Y,A,-,N,,,,,,,,,,N,3,0,1,2,A,-,10,21950,A,N,G,B,B,A,H,-,A,A,0,Y,,,,Y,,A,01,0,1,0,0,1,0,0,0,0,"- ","- ",37.865131378173828,-122.25840759277344,ALAMEDA,BERKELEY,-122.25847625732422,37.865104675292969
9641407,2023,2023-12-12,0103,2023-10-10,"131 ",32,28,2,5,6,0103,0,0,0,,0,005,HASTE,"ATHERTON PL",0.00,,Y,A,-,N,,,,,,,,,,N,2,0,1,1,A,-,03,22350,,N,E,I,A,-,A,-,C,D,0,,,,,Y,Y,-,,1,0,0,0,0,0,0,0,0,"- ","- ",37.865058898925781,-122.26432800292969,ALAMEDA,BERKELEY,-122.26435852050781,37.865322113037109
9641408,2023,2023-12-12,0103,2023-10-10,1240,122,,2,5,6,0103,0,0,0,,0,001,"VIRGINIA ST","SPRUCE ST",0.00,,Y,A,-,N,,,,,,,,,,N,4,0,1,2,A,-,09,21804,A,N,B,C,A,-,-,-,A,D,0,,,,,Y,,A,01,0,0,1,0,0,0,0,0,0,"- ","- ",37.877849578857422,-122.22653961181641,ALAMEDA,BERKELEY,-122.26560974121094,37.877002716064453
9641409,2023,2023-12-12,0103,2023-10-02,1905,57,,1,5,6,0103,0,0,0,,0,009,ADELINE,STUART,0.00,,Y,A,-,N,,,,,,,,,,N,2,0,2,2,A,-,09,21802,A,N,D,C,A,A,H,-,C,A,0,,,Y,,Y,,A,01,1,1,0,0,0,0,0,0,2,"- ","- ",37.858421325683594,-122.26773071289062,ALAMEDA,BERKELEY,-122.26789855957031,37.858390808105469
9641410,2023,2023-12-12,0103,2023-10-07,1106,13,,6,5,6,0103,0,0,0,,0,010,ADELINE,OREGON,0.00,,Y,A,-,N,,,,,,,,,,,2,0,2,2,A,-,12,21453,A,N,F,C,A,A,H,-,A,A,0,,,,,Y,,A,07,2,0,0,0,0,0,0,0,0,"- ","- ",37.857460021972656,-122.26808929443359,ALAMEDA,BERKELEY,-122.26827239990234,37.857421875
9641411,2023,2023-12-12,0103,2023-10-03,1536,85,,2,5,6,0103,0,0,0,,0,008,TELEGRAPH,"PARKER AV",0.00,,Y,A,-,N,,,,,,,,,,N,3,0,1,2,A,-,08,22107,,N,D,B,B,A,H,-,A,A,0,Y,,,,Y,,A,01,0,1,0,0,1,0,0,0,0,"- ","- ",37.863258361816406,-122.25868988037109,ALAMEDA,BERKELEY,-122.25871276855469,37.863235473632812
9641412,2023,2023-12-12,0103,2023-10-03,1410,104,,2,5,6,0103,0,0,0,,0,007,WARRING,PARKER,0.00,,Y,A,-,N,,,,,,,,,,N,3,0,1,2,A,-,11,21950,B,N,G,B,D,A,H,-,A,A,0,Y,,,,Y,,N,60,0,1,0,0,1,0,0,0,0,"- ","- ",37.862308502197266,-122.25009918212891,ALAMEDA,BERKELEY,-122.25028228759766,37.8641357421875
9641413,2023,2023-12-12,0103,2023-10-05,1909,30,,4,5,6,0103,0,0,0,,0,002,CEDAR,SACRAMENTO,0.00,,Y,A,-,N,,,,,,,,,,Y,3,0,3,2,A,-,09,21801,A,N,D,C,A,A,H,-,B,A,0,,,,,Y,,A,01,0,3,0,0,0,0,0,0,0,"- ","- ",37.876689910888672,-122.28265380859375,ALAMEDA,BERKELEY,-122.28273773193359,37.876678466796875
9641415,2023,2023-12-12,0103,2023-10-06,2157,23,29,5,5,6,0103,0,0,0,,0,005,MILVIA,ADDISON,0.00,,Y,A,-,N,,,,,,,,,,N,3,0,1,1,A,-,03,22350,,N,E,I,A,A,H,-,C,A,0,,,,,Y,,M,94,0,1,0,0,0,0,0,0,0,"- ","- ",37.870571136474609,-122.27118682861328,ALAMEDA,BERKELEY,-122.2706298828125,37.870857238769531
9641416,2023,2023-12-12,0103,2023-10-06,1350,42,,5,5,6,0103,0,0,0,,0,001,"MARIN AV","MARIN CIR",0.00,,Y,A,-,N,,,,,,,,,,N,3,0,1,2,C,-,18,,,N,C,C,A,A,H,-,A,A,0,,,,,Y,,-,"- ",0,1,0,0,0,0,0,0,0,"- ","- ",37.890048980712891,-122.27249145507812,ALAMEDA,BERKELEY,-122.53974914550781,37.879009246826172
9641417,2023,2023-12-12,0103,2023-10-10,"924 ",101,,2,5,6,0103,0,0,0,,0,014,CEDAR,WEST,0.00,,Y,A,-,N,,,,,,,,,,N,3,0,1,2,A,-,03,22350,,N,D,G,A,-,H,-,A,D,0,,Y,,,Y,,A,01,0,1,0,0,0,0,1,0,0,"- ","- ",,,ALAMEDA,BERKELEY,,
9641418,2023,2023-12-12,0103,2023-10-09,1817,30,,1,5,6,0103,0,0,0,,0,002,CEDAR,SHATTUCK,0.00,,Y,A,-,N,,,,,,,,,,N,2,0,1,1,A,-,03,22350,,N,F,J,A,A,A,D,A,D,0,,Y,,,Y,,L,04,1,0,0,0,0,0,1,0,0,"- ","- ",37.878421783447266,-122.26909637451172,ALAMEDA,BERKELEY,-122.26914215087891,37.878406524658203
9641419,2023,2023-12-12,0103,2023-10-01,2339,20,28,7,5,6,0103,0,0,0,,0,006,DURANT,"BOWDITCH ST",0.00,,Y,A,-,N,,,,,,,,,,Y,4,0,1,2,A,-,08,22107,,N,B,C,A,A,H,-,C,D,0,,,,,Y,,A,01,0,0,1,0,0,0,0,0,0,"- ","- ",37.867870330810547,-122.25827789306641,ALAMEDA,BERKELEY,-122.2567138671875,37.868110656738281
9641420,2023,2023-12-12,0103,2023-10-14,"321 ",80,30,6,5,6,0103,0,0,0,,0,005,SACRAMENTO,DWIGHT,0.00,,Y,A,-,N,,,,,,,,,,Y,3,0,1,1,A,-,01,23152,B,N,E,I,A,A,H,-,C,A,0,,,,,Y,,A,01,0,1,0,0,0,0,0,0,0,"- ","- ",37.862201690673828,-122.28108978271484,ALAMEDA,BERKELEY,-122.28118896484375,37.862190246582031
9641479,2023,2023-12-08,0103,2023-09-28,"418 ",70,,4,5,6,0103,0,0,0,,0,012,UNIVERSITY,"W FRONTAGE RD",840.00,E,N,A,-,N,,,,,,,,,,Y,3,0,1,1,A,-,08,22107,,N,E,I,A,A,H,-,C,D,0,,,,,Y,,A,01,0,1,0,0,0,0,0,0,0,"- ","- ",37.8668212890625,-122.30371856689453,ALAMEDA,BERKELEY,-122.30272674560547,37.866962432861328
9641480,2023,2023-12-08,0103,2023-09-30,2015,44,,6,5,6,0103,0,0,0,,0,004,SHATTUCK,BERKELEY,0.00,,Y,A,-,N,,,,,,,,,,N,3,0,1,2,A,-,10,21950,A,N,G,B,B,A,H,-,C,D,0,Y,,,,Y,,A,01,0,1,0,0,1,0,0,0,0,"- ","- ",37.872978210449219,-122.26847839355469,ALAMEDA,BERKELEY,-122.26847839355469,37.873016357421875
9650821,2023,2024-01-13,0103,2023-11-02,1510,30,,4,5,6,0103,0,0,0,,0,002,MARIN,ARLINGTON,0.00,,Y,A,-,N,,,,,,,,,,N,3,0,1,2,A,-,03,22350,,F,C,C,A,A,H,-,A,D,0,,,,,Y,,A,08,0,1,0,0,0,0,0,0,0,"- ","- ",37.889640808105469,-122.27269744873047,ALAMEDA,BERKELEY,-122.27227020263672,37.890251159667969
9650822,2023,2024-01-13,0103,2023-11-03,1149,107,16,5,5,6,0103,0,0,0,,0,001,SPRUCE,"LOS ANGELES AV",217.00,S,N,A,-,N,,,,,,,,,,N,3,0,1,2,A,-,08,22107,,N,B,G,A,-,H,-,-,A,0,,Y,,,Y,,A,08,0,1,0,0,0,0,1,0,0,"- ","- ",37.887481689453125,-122.26706695556641,ALAMEDA,BERKELEY,-122.26682281494141,37.887626647949219
9650823,2023,2024-01-13,0103,2023-11-01,"900 ",42,,3,5,6,0103,0,0,0,,0,003,MCGEE,BERKELEY,0.00,,Y,A,-,N,,,,,,,,,,Y,3,0,1,2,A,-,09,21802,A,N,B,C,A,A,H,-,A,A,0,,,,,Y,,A,01,0,1,0,0,0,0,0,0,0,"- ","- ",37.871868133544922,-122.27761077880859,ALAMEDA,BERKELEY,-122.27761840820312,37.871875762939453
9650824,2023,2024-01-13,0103,2023-11-02,"556 ",24,,4,5,6,0103,0,0,0,,0,007,DERBY,"CLAREMONT BL",12.00,E,N,A,-,N,,,,,,,,,,N,3,0,1,3,A,-,03,22350,,F,C,C,A,A,H,-,C,A,0,,,,,Y,,A,07,0,1,0,0,0,0,0,0,0,"- ","- ",37.862480163574219,-122.24706268310547,ALAMEDA,BERKELEY,-122.24701690673828,37.862491607666016
9650825,2023,2024-01-19,0103,2023-11-03,1530,149,39,5,5,6,0103,0,0,0,,0,007,ASHBY,HILLEGASS,0.00,,Y,A,-,Y,ALA,4,13,-,-,11.370,I,5,N,N,3,0,1,2,A,-,10,21950,A,N,G,B,B,A,H,-,A,A,0,Y,,,,Y,,A,08,0,1,0,0,1,0,0,0,0,"- ","- ",37.856731414794922,-122.2554931640625,ALAMEDA,BERKELEY,-122.25550079345703,37.856735229492188
9650826,2023,2024-01-13,0103,2023-11-03,1244,107,13,5,5,6,0103,0,0,0,,0,001,COLUSA,MARIN,0.00,,Y,A,-,N,,,,,,,,,,Y,3,0,2,2,A,-,12,21453,A,N,D,C,A,A,A,H,A,A,0,,,,,Y,,A,01,0,2,0,0,0,0,0,0,0,"- ","- ",37.889598846435547,-122.27896881103516,ALAMEDA,BERKELEY,-122.27887725830078,37.889560699462891
9650827,2023,2024-01-13,0103,2023-11-04,1814,99,24,6,5,6,0103,0,0,0,,0,004,UNIVERSITY,SHATTUCK,0.00,,Y,A,-,N,,,,,,,,,,N,3,0,1,2,A,-,21,22106,,N,G,B,E,A,H,-,B,D,0,Y,,,,Y,,A,01,0,1,0,0,1,0,0,0,0,"- ","- ",37.872150421142578,-122.26840972900391,ALAMEDA,BERKELEY,-122.26841735839844,37.872100830078125
9650828,2023,2024-01-13,0103,2023-11-03,2030,4,20,5,5,6,0103,0,0,0,,0,013,VIRGINIA,4TH,0.00,,Y,A,-,N,,,,,,,,,,Y,2,0,1,2,A,-,12,22450,A,N,D,C,A,A,H,-,D,A,0,,,,,Y,,A,08,1,0,0,0,0,0,0,0,0,"- ","- ",37.871879577636719,-122.30123901367188,ALAMEDA,BERKELEY,-122.30123901367188,37.871875762939453
9650829,2023,2024-01-13,0103,2023-11-07,1249,146,,2,5,6,0103,0,0,0,,0,006,BLAKE,"FULTON ST",180.00,E,N,A,-,N,,,,,,,,,,N,2,0,1,2,A,-,09,21804,A,N,A,G,A,A,H,-,A,D,0,,Y,,,Y,,L,04,1,0,0,0,0,0,1,0,0,"- ","- ",37.86370849609375,-122.26441192626953,ALAMEDA,BERKELEY,-122.26443481445312,37.863433837890625
9650830,2023,2024-01-13,0103,2023-11-04,1910,109,40,6,5,6,0103,0,0,0,,0,010,SACRAMENTO,ALCATRAZ,0.00,,Y,A,-,N,,,,,,,,,,Y,4,0,2,2,A,-,09,21801,A,N,A,C,A,A,H,-,C,A,0,,,,,Y,,A,01,0,0,2,0,0,0,0,0,0,"- ","- ",37.848201751708984,-122.27757263183594,ALAMEDA,BERKELEY,-122.27783966064453,37.847915649414062
9650831,2023,2024-01-13,0103,2023-11-10,1854,23,,5,5,6,0103,0,0,0,,0,005,MILVIA,BLAKE,0.00,,Y,A,-,N,,,,,,,,,,,3,0,1,1,A,-,03,22350,,N,E,I,A,B,A,H,C,A,0,,,,,Y,,M,94,0,1,0,0,0,0,0,0,0,"- ","- ",37.862739562988281,-122.26970672607422,ALAMEDA,BERKELEY,-122.26975250244141,37.862758636474609
9650832,2023,2024-01-13,0103,2023-11-10,1717,149,37,5,5,6,0103,0,0,0,,0,007,COLLEGE,"PARKER ST",127.00,N,N,A,-,N,,,,,,,,,,N,3,0,1,2,A,-,11,21954,A,N,G,B,E,A,H,-,B,D,0,Y,,,,Y,,N,60,0,1,0,0,1,0,0,0,0,"- ","- ",37.864368438720703,-122.25411224365234,ALAMEDA,BERKELEY,-122.25375366210938,37.8642578125
9650833,2023,2024-01-13,0103,2023-11-12,1930,20,,7,5,6,0103,0,0,0,,0,006,DANA,HASTE,0.00,,Y,A,-,N,,,,,,,,,,N,3,0,1,2,A,-,10,21950,A,N,G,B,B,A,H,-,C,A,0,Y,,,,Y,,A,01,0,1,0,0,1,0,0,0,0,"- ","- ",37.865718841552734,-122.26090240478516,ALAMEDA,BERKELEY,-122.26087951660156,37.865779876708984
9650834,2023,2024-01-13,0103,2023-11-11,2337,20,,6,5,6,0103,0,0,0,,0,006,SHATTUCK,BLAKE,0.00,,Y,A,-,N,,,,,,,,,,Y,2,0,2,2,A,-,01,23153,F,N,A,C,A,A,H,-,C,D,0,,,,,Y,,A,07,2,0,0,0,0,0,0,0,0,"- ","- ",37.863960266113281,-122.2623291015625,ALAMEDA,BERKELEY,-122.26731109619141,37.863063812255859
9650835,2023,2024-01-13,0103,2023-11-14,1841,22,25,2,5,6,0103,0,0,0,,0,001,EUCLID,"VIRGINIA ST",0.00,,Y,A,-,N,,,,,,,,,,N,3,0,1,2,A,-,10,21950,A,N,D,B,B,A,H,-,C,A,0,Y,,,,Y,,A,01,0,1,0,0,1,0,0,0,0,"- ","- ",37.877788543701172,-122.26068878173828,ALAMEDA,BERKELEY,-122.26069641113281,37.877777099609375
9650836,2023,2024-01-13,0103,2023-11-13,1920,155,,1,5,6,0103,0,0,0,,0,014,GILMAN,CURTIS,0.00,,Y,A,-,N,,,,,,,,,,N,3,0,1,2,A,-,10,21950,A,N,D,B,B,A,H,-,C,D,0,Y,,,,Y,,A,01,0,1,0,0,1,0,0,0,0,"- ","- ",37.881439208984375,-122.29000854492188,ALAMEDA,BERKELEY,-122.28998565673828,37.881431579589844
9650837,2023,2024-01-13,0103,2023-11-16,1200,28,,4,5,6,0103,0,0,0,,0,002,SHATTUCK,"LINCOLN AV",0.00,,Y,A,-,N,,,,,,,,,,Y,3,0,2,2,A,-,03,22350,,N,C,C,A,A,H,-,A,A,0,,,,,Y,,A,01,0,2,0,0,0,0,0,0,0,"- ","- ",37.877510070800781,-122.26899719238281,ALAMEDA,BERKELEY,-122.26905059814453,37.877479553222656
9650838,2023,2024-01-13,0103,2023-11-15,1807,30,,3,5,6,0103,0,0,0,,0,002,"WALNUT ST","WALNUT ST 1619",0.00,,-,C,-,N,,,,,,,,,,N,4,0,1,2,A,-,11,21954,A,N,G,B,D,B,H,-,C,D,0,Y,Y,,,Y,,N,60,0,0,1,0,1,0,0,0,0,"- ","- ",37.877891540527344,-122.26766204833984,ALAMEDA,BERKELEY,-122.05405426025391,37.11407470703125
9650839,2023,2024-01-13,0103,2023-11-17,"36  ",145,,5,5,6,0103,0,0,0,,0,006,BOWDITCH,DURANT,0.00,,Y,C,-,N,,,,,,,,,,N,2,0,1,2,A,-,08,22107,,N,H,C,A,B,H,-,C,B,0,,,,,Y,,M,94,1,0,0,0,0,0,0,0,0,"- ","- ",37.868110656738281,-122.25670623779297,ALAMEDA,BERKELEY,-122.2567138671875,37.868110656738281
9650840,2023,2024-01-13,0103,2023-11-16,1220,122,,4,5,6,0103,0,0,0,,0,003,UNIVERSITY,SACRAMENTO,0.00,,Y,A,-,N,,,,,,,,,,N,3,0,1,2,A,-,03,22350,,N,C,C,A,A,H,-,A,D,0,,,,,Y,,A,01,0,1,0,0,0,0,0,0,0,"- ","- ",37.870410919189453,-122.28193664550781,ALAMEDA,BERKELEY,-122.28204345703125,37.870460510253906
9650843,2023,2024-01-13,0103,2023-11-30,1214,104,,4,5,6,0103,0,0,0,,0,013,CEDAR,6TH,0.00,,Y,A,-,N,,,,,,,,,,Y,3,0,1,2,A,-,12,21453,A,N,D,C,A,A,H,-,A,A,0,,,,,Y,,A,01,0,1,0,0,0,0,0,0,0,"- ","- ",37.874088287353516,-122.29962921142578,ALAMEDA,BERKELEY,-122.29965972900391,37.874088287353516
9650844,2023,2024-01-13,0103,2023-11-30,1728,112,,4,5,6,0103,0,0,0,,0,008,SHATTUCK,WOOLSEY,0.00,,Y,B,-,N,,,,,,,,,,N,2,0,1,2,A,-,10,21950,A,N,G,B,B,A,H,-,C,A,0,Y,,,,Y,,A,01,1,0,0,0,1,0,0,0,0,"- ","- ",37.852378845214844,-122.26612091064453,ALAMEDA,BERKELEY,-122.26615142822266,37.852363586425781
9650845,2023,2024-01-13,0103,2023-11-30,"945 ",107,40,4,5,6,0103,0,0,0,,0,009,ADELINE,STANFORD,0.00,,Y,A,-,N,,,,,,,,,,Y,3,0,1,2,A,-,09,21801,A,N,D,C,A,A,H,-,A,A,0,,,,,Y,,A,01,0,1,0,0,0,0,0,0,0,"- ","- ",37.846549987792969,-122.27203369140625,ALAMEDA,BERKELEY,-122.27252960205078,37.846736907958984
9650846,2023,2024-01-13,0103,2023-11-30,1000,112,,4,5,6,0103,0,0,0,,0,009,ALCATRAZ,ADELINE,0.00,,Y,A,-,N,,,,,,,,,,N,2,0,1,2,A,-,10,21950,A,F,G,B,B,A,H,-,A,A,0,Y,,,,Y,,A,01,1,0,0,0,1,0,0,0,0,"- ","- ",37.848751068115234,-122.27144622802734,ALAMEDA,BERKELEY,-122.27153015136719,37.848724365234375
9650847,2023,2024-01-13,0103,2023-11-28,"821 ",101,,2,5,6,0103,0,0,0,,0,013,10TH,DELAWARE,0.00,,Y,A,-,N,,,,,,,,,,N,3,0,1,2,A,-,09,21802,A,N,D,G,A,A,H,-,A,A,0,,Y,,,Y,,A,01,0,1,0,0,0,0,1,0,0,"- ","- ",,,ALAMEDA,BERKELEY,-122.29410552978516,37.871414184570312
9650848,2023,2024-01-13,0103,2023-11-28,"825 ",26,,2,5,6,0103,0,0,0,,0,005,MCGEE,PARKER,0.00,,Y,A,-,N,,,,,,,,,,Y,4,0,1,2,A,-,09,21802,A,N,D,C,A,A,H,-,A,A,0,,,,,Y,,A,01,0,0,1,0,0,0,0,0,0,"- ","- ",37.861129760742188,-122.27638244628906,ALAMEDA,BERKELEY,-122.27616119384766,37.861045837402344
9650849,2023,2024-01-13,0103,2023-11-26,1732,55,17,7,5,6,0103,0,0,0,,0,002,"SHATTUCK AV","SHATTUCK PL",0.00,,Y,A,-,N,,,,,,,,,,N,2,0,1,2,A,-,09,21802,A,N,D,C,A,A,H,-,C,D,0,,,Y,,Y,,A,01,1,0,0,0,0,0,0,0,1,"- ","- ",37.880760192871094,-122.27002716064453,ALAMEDA,BERKELEY,-122.26956176757812,37.881351470947266
9650850,2023,2024-01-13,0103,2023-11-26,1855,19,,7,5,6,0103,0,0,0,,0,014,CURTIS,CEDAR,0.00,,Y,A,-,N,,,,,,,,,,Y,3,0,2,2,A,-,01,23152,F,N,D,C,A,A,H,-,C,A,0,,,,,Y,,A,01,0,2,0,0,0,0,0,0,0,"- ","- ",37.875659942626953,-122.29061126708984,ALAMEDA,BERKELEY,-122.29056549072266,37.87567138671875
9650851,2023,2024-01-13,0103,2023-11-21,1224,107,39,2,5,6,0103,0,0,0,,0,008,TELEGRAPH,"PRINCE ST",55.00,S,N,A,-,N,,,,,,,,,,N,3,0,1,2,A,-,10,21950,A,N,G,B,B,A,H,-,A,A,0,Y,,,,Y,,A,07,0,1,0,0,1,0,0,0,0,"- ","- ",37.853691101074219,-122.26001739501953,ALAMEDA,BERKELEY,-122.26006317138672,37.853569030761719
9650852,2023,2024-01-13,0103,2023-11-26,1724,51,39,7,5,6,0103,0,0,0,,0,008,TELEGRAPH,DOWLING,0.00,,Y,A,-,N,,,,,,,,,,N,3,0,1,2,A,-,10,21950,A,N,G,B,B,A,H,-,C,D,0,Y,,,,Y,,A,08,0,1,0,0,1,0,0,0,0,"- ","- ",37.854011535644531,-122.26030731201172,ALAMEDA,BERKELEY,-122.25997924804688,37.854469299316406
9650853,2023,2024-01-13,0103,2023-11-18,1415,23,29,6,5,6,0103,0,0,0,,0,006,DURANT,BANCROFT,0.00,,Y,B,C,N,,,,,,,,,,,4,0,1,2,A,-,09,21804,A,N,D,C,A,B,H,-,A,D,0,,,,,Y,,A,01,0,0,1,0,0,0,0,0,0,"- ","- ",37.866691589355469,-122.26767730712891,ALAMEDA,BERKELEY,-122.25228118896484,37.868919372558594
9650854,2023,2024-01-13,0103,2023-11-20,1330,150,,1,5,6,0103,0,0,0,,0,007,TELEGRAPH,HOWE,0.00,,Y,A,-,N,,,,,,,,,,N,3,0,1,2,A,-,08,22107,,N,D,C,A,A,H,-,A,D,0,,,,,Y,,A,01,0,1,0,0,0,0,0,0,0,"- ","- ",37.857170104980469,-122.25920104980469,ALAMEDA,BERKELEY,-122.25955963134766,37.857139587402344
9650855,2023,2024-01-13,0103,2023-11-17,1605,149,,5,5,6,0103,0,0,0,,0,008,ASHBY,"COLBY ST",135.00,E,N,-,-,N,,,,,,,,,,N,3,0,1,2,A,-,03,22350,,N,C,C,A,B,H,-,A,D,0,,,,,Y,,A,08,0,1,0,0,0,0,0,0,0,"- ","- ",37.856369018554688,-122.25798797607422,ALAMEDA,BERKELEY,-122.25749206542969,37.856472015380859
9650856,2023,2024-01-13,0103,2023-11-17,1618,28,,5,5,6,0103,0,0,0,,0,002,HOPKINS,ALBINA,0.00,,Y,C,-,N,,,,,,,,,,,2,0,1,2,A,-,09,21801,A,N,D,G,A,B,H,-,A,A,0,,Y,,,Y,,A,01,1,0,0,0,0,0,1,0,0,"- ","- ",37.880428314208984,-122.2843017578125,ALAMEDA,BERKELEY,-122.28431701660156,37.880443572998047
9650857,2023,2024-01-13,0103,2023-11-08,1830,42,,3,5,6,0103,0,0,0,,0,003,UNIVERSITY,"GRANT ST",190.00,W,N,A,-,N,,,,,,,,,,N,3,0,1,2,A,-,03,22350,,N,B,G,A,A,H,-,C,A,0,,Y,,,Y,,L,04,0,1,0,0,0,0,1,0,0,"- ","- ",37.870761871337891,-122.27635955810547,ALAMEDA,BERKELEY,-122.27593231201172,37.871242523193359
9650858,2023,2024-01-13,0103,2023-11-12,1442,149,38,7,5,6,0103,0,0,0,,0,007,TUNNEL,"VICENTE RD",180.00,W,N,A,-,N,,,,,,,,,,N,2,0,1,1,A,-,03,22350,,N,H,I,A,A,H,-,A,D,0,,Y,,,Y,,L,04,1,0,0,0,0,0,1,0,0,"- ","- ",37.853610992431641,-122.23590087890625,ALAMEDA,BERKELEY,-122.23616790771484,37.854030609130859
9650859,2023,2024-01-13,0103,2023-11-06,1219,146,,1,5,6,0103,0,0,0,,0,005,DWIGHT,"SHATTUCK AV",80.00,W,N,A,-,N,,,,,,,,,,Y,4,0,2,2,A,-,08,22107,,N,D,C,A,A,H,-,A,D,0,,,,,Y,,A,07,0,0,2,0,0,0,0,0,0,"- ","- ",37.864200592041016,-122.26898956298828,ALAMEDA,BERKELEY,-122.26768493652344,37.863933563232422
9650860,2023,2024-01-13,0103,2023-11-07,1720,122,,2,5,6,0103,0,0,0,,0,001,MARIN,HILLDALE,0.00,,Y,A,-,N,,,,,,,,,,N,3,0,1,2,A,-,10,21950,A,N,A,B,B,A,H,-,D,D,0,Y,,,,Y,,A,01,0,1,0,0,1,0,0,0,0,"- ","- ",37.895858764648438,-122.26348876953125,ALAMEDA,BERKELEY,-122.26348114013672,37.895866394042969
9650942,2023,2024-01-10,0103,2023-11-17,"746 ",55,35,5,5,6,0103,0,0,0,,0,009,"MARTIN LUTHER KING JR WY","CARLETON ST",0.00,,Y,A,-,N,,,,,,,,,,N,3,0,1,2,A,-,09,21802,A,N,B,G,A,A,D,-,A,D,0,,Y,,,Y,,L,04,0,1,0,0,0,0,1,0,0,"- ","- ",37.860630035400391,-122.27179718017578,ALAMEDA,BERKELEY,-122.27180480957031,37.860633850097656
9651061,2023,2024-01-10,0103,2023-11-13,1439,144,,1,5,6,0103,0,0,0,,0,010,"SACRAMENTO AV",ALCATRAZ,0.00,,Y,A,-,N,,,,,,,,,,Y,3,0,2,2,A,-,09,21801,A,N,A,C,A,A,H,-,A,A,0,,,,,Y,,D,22,0,2,0,0,0,0,0,0,0,"- ","- ",,,ALAMEDA,BERKELEY,-122.27783966064453,37.847915649414062
9651065,2023,2024-01-09,0103,2023-11-15,1920,99,24,3,5,6,0103,0,0,0,,0,004,UNIVERSITY,"SHATTUCK AV",0.00,,Y,A,-,N,,,,,,,,,,N,4,0,1,2,A,-,09,21801,A,N,B,C,A,B,H,-,C,A,0,,,,,Y,,A,01,0,0,1,0,0,0,0,0,0,"- ","- ",37.872150421142578,-122.26840972900391,ALAMEDA,BERKELEY,-122.26841735839844,37.872100830078125